CustomerID,Country,IsB2B,Recence,Frequence,Montant,R_score,F_score,M_score,RFM_Score,Segment
12346,United Kingdom,True,346,1,77183.6,1,1,5,7,Clients Perdus
12347,Iceland,False,23,7,4310.0,5,5,5,15,Champions
12348,Finland,True,96,4,1797.24,2,4,4,10,Clients à Risque
12349,Italy,False,39,1,1757.55,4,1,4,9,Nouveaux Clients
12350,Norway,False,331,1,334.40000000000003,1,1,2,4,Clients Perdus
12352,Norway,False,57,8,2506.04,3,5,5,13,Clients Fidèles
12353,Bahrain,False,225,1,89.0,1,1,1,3,Clients Perdus
12354,Spain,False,253,1,1079.4,1,1,4,6,Clients Perdus
12355,Bahrain,False,235,1,459.4,1,1,2,4,Clients Perdus
12356,Portugal,False,43,3,2811.43,4,3,5,12,Clients Fidèles
12357,Switzerland,False,54,1,6207.67,3,1,5,9,Clients Moyens
12358,Austria,False,22,2,1168.06,5,2,4,11,Nouveaux Clients
12359,Cyprus,False,78,4,6372.58,3,4,5,12,Clients Fidèles
12360,Austria,False,73,3,2662.06,3,3,5,11,Clients Fidèles
12361,Belgium,False,308,1,189.9,1,1,1,3,Clients Perdus
12362,Belgium,False,24,10,5226.2300000000005,5,5,5,15,Champions
12363,Unspecified,False,130,2,552.0,2,2,3,7,Clients Moyens
12364,Belgium,False,28,4,1313.1,5,4,4,13,Champions
12365,Cyprus,False,312,2,641.38,1,2,3,6,Clients Perdus
12367,Denmark,False,25,1,168.9,5,1,1,7,Nouveaux Clients
12370,Cyprus,False,72,4,3545.69,3,4,5,12,Clients Fidèles
12371,Switzerland,False,65,2,1887.96,3,2,4,9,Clients Moyens
12372,Denmark,False,92,3,1298.04,3,3,4,10,Clients Fidèles
12373,Austria,False,332,1,364.6,1,1,2,4,Clients Perdus
12374,Austria,False,46,1,742.9300000000001,4,1,3,8,Nouveaux Clients
12375,Finland,False,31,2,457.5,5,2,2,9,Nouveaux Clients
12377,Switzerland,False,336,2,1628.12,1,2,4,7,Clients Perdus
12378,Switzerland,False,150,1,4008.62,2,1,5,8,Clients Moyens
12379,Belgium,False,102,2,852.24,2,2,3,7,Clients Moyens
12380,Belgium,False,42,4,2724.81,4,4,5,13,Champions
12381,Norway,False,25,5,1845.31,5,4,4,13,Champions
12383,Belgium,False,205,5,1850.56,1,4,4,9,Clients à Risque
12384,Switzerland,False,49,2,585.27,4,2,3,9,Nouveaux Clients
12386,Australia,False,358,2,401.9,1,2,2,5,Clients Perdus
12388,Australia,False,36,6,2780.6600000000003,4,4,5,13,Champions
12390,Belgium,False,100,1,549.84,2,1,3,6,Clients Moyens
12391,Cyprus,False,42,1,460.89,4,1,2,7,Nouveaux Clients
12393,Australia,False,93,4,1582.6,2,4,4,10,Clients à Risque
12394,Belgium,False,84,2,1272.48,3,2,4,9,Clients Moyens
12395,Belgium,False,40,12,3018.63,4,5,5,14,Champions
12397,Belgium,False,56,2,2409.9,3,2,5,10,Clients Moyens
12398,Switzerland,False,66,1,1635.66,3,1,4,8,Clients Moyens
12399,Belgium,False,140,4,1108.65,2,4,4,10,Clients à Risque
12401,Belgium,False,324,1,84.3,1,1,1,3,Clients Perdus
12402,Belgium,False,344,1,225.6,1,1,1,3,Clients Perdus
12403,Denmark,False,70,1,427.7,3,1,2,6,Clients Moyens
12405,Finland,False,169,1,1710.39,2,1,4,7,Clients Moyens
12406,Denmark,False,43,2,3415.3,4,2,5,11,Nouveaux Clients
12407,Belgium,False,70,5,1708.12,3,4,4,11,Clients Fidèles
12408,Belgium,False,53,5,2888.55,4,4,5,13,Champions
12409,Switzerland,False,99,3,11072.67,2,3,5,10,Clients à Risque
12410,Switzerland,False,329,2,693.33,1,2,3,6,Clients Perdus
12412,Denmark,False,95,3,1226.88,2,3,4,9,Clients à Risque
12413,France,False,87,3,758.1,3,3,3,9,Clients Fidèles
12414,Austria,False,238,3,562.4100000000001,1,3,3,7,Clients à Risque
12415,Australia,True,45,21,124914.53,4,5,5,14,Champions
12417,Belgium,False,24,9,3649.1,5,5,5,15,Champions
12418,Switzerland,False,133,1,668.58,2,1,3,6,Clients Moyens
12420,Cyprus,False,84,1,600.39,3,1,3,7,Clients Moyens
12421,Spain,False,36,4,807.04,4,4,3,11,Clients Fidèles
12422,Australia,False,116,3,803.5600000000001,2,3,3,8,Clients à Risque
12423,Belgium,False,21,8,1859.31,5,5,4,14,Champions
12424,Australia,False,183,2,1760.96,2,2,4,8,Clients Moyens
12425,Portugal,False,99,1,777.2,2,1,3,6,Clients Moyens
12426,Germany,False,215,1,582.73,1,1,3,5,Clients Perdus
12427,Germany,False,42,3,825.8000000000001,4,3,3,10,Clients Fidèles
12428,Finland,False,46,9,7956.46,4,5,5,14,Champions
12429,Denmark,False,30,4,3750.4,5,4,5,14,Champions
12430,Norway,False,64,1,256.4,3,1,2,6,Clients Moyens
12431,Australia,False,56,15,6487.45,3,5,5,13,Clients Fidèles
12432,Norway,False,63,5,5059.32,3,4,5,12,Clients Fidèles
12433,Norway,False,21,7,13375.87,5,5,5,15,Champions
12434,Australia,False,105,2,806.14,2,2,3,7,Clients Moyens
12435,Denmark,False,100,2,7829.89,2,2,5,9,Clients Moyens
12436,Norway,False,120,1,509.01,2,1,3,6,Clients Moyens
12437,France,False,22,18,4951.41,5,5,5,15,Champions
12438,Norway,False,35,2,2906.85,4,2,5,11,Nouveaux Clients
12441,France,False,387,1,173.55,1,1,1,3,Clients Perdus
12442,Spain,False,24,1,172.06,5,1,1,7,Nouveaux Clients
12444,Norway,False,42,5,5005.46,4,4,5,13,Champions
12445,Spain,False,43,1,133.4,4,1,1,6,Nouveaux Clients
12446,RSA,False,78,1,1002.31,3,1,4,8,Clients Moyens
12447,Belgium,False,264,1,476.49,1,1,2,4,Clients Perdus
12448,Spain,False,65,1,449.45,3,1,2,6,Clients Moyens
12449,Belgium,False,43,4,4067.29,4,4,5,13,Champions
12450,Spain,False,177,2,197.88,2,2,1,5,Clients Moyens
12451,Switzerland,False,31,5,9035.52,5,4,5,14,Champions
12452,Switzerland,False,37,2,430.5700000000001,4,2,2,8,Nouveaux Clients
12453,Austria,False,155,1,707.09,2,1,3,6,Clients Moyens
12454,Spain,False,77,1,3528.34,3,1,5,9,Clients Moyens
12455,Cyprus,False,94,6,2466.86,2,4,5,11,Clients à Risque
12456,Switzerland,False,65,3,3181.04,3,3,5,11,Clients Fidèles
12457,Switzerland,False,87,7,2363.23,3,5,5,13,Clients Fidèles
12458,Switzerland,False,92,2,947.4,3,2,4,9,Clients Moyens
12461,Switzerland,False,115,2,826.88,2,2,3,7,Clients Moyens
12462,Spain,False,39,2,1189.59,4,2,4,10,Nouveaux Clients
12463,Belgium,False,74,4,1344.78,3,4,4,11,Clients Fidèles
12464,Belgium,False,31,8,1212.05,5,5,4,14,Champions
12465,Belgium,False,38,2,742.19,4,2,3,9,Nouveaux Clients
12468,Germany,False,208,2,729.54,1,2,3,6,Clients Perdus
12471,Germany,False,23,30,19824.05,5,5,5,15,Champions
12472,Germany,False,53,7,6572.11,4,5,5,14,Champions
12473,Germany,False,50,5,3938.55,4,4,5,13,Champions
12474,Germany,False,38,18,7375.79,4,5,5,14,Champions
12475,Germany,False,74,1,723.38,3,1,3,7,Clients Moyens
12476,Germany,False,36,11,6816.42,4,5,5,14,Champions
12477,Germany,False,43,6,13219.74,4,4,5,13,Champions
12478,Greece,False,24,1,680.99,5,1,3,9,Nouveaux Clients
12479,Germany,False,32,1,527.2,5,1,3,9,Nouveaux Clients
12480,Germany,False,49,4,3281.63,4,4,5,13,Champions
12481,Germany,False,43,10,5596.32,4,5,5,14,Champions
12483,Sweden,False,38,8,2484.98,4,5,5,14,Champions
12484,Spain,False,53,6,4541.72,4,4,5,13,Champions
12488,France,False,30,3,1298.66,5,3,4,12,Clients Fidèles
12489,France,False,357,1,334.93,1,1,2,4,Clients Perdus
12490,France,False,26,10,5417.93,5,5,5,15,Champions
12491,France,False,59,1,460.4,3,1,2,6,Clients Moyens
12492,Germany,False,84,2,263.21000000000004,3,2,2,7,Clients Moyens
12493,France,False,186,2,433.74,2,2,2,6,Clients Moyens
12494,France,False,36,7,1246.1,4,5,4,13,Champions
12497,Germany,True,102,1,1043.1,2,1,4,7,Clients Moyens
12498,Germany,False,42,3,403.7000000000001,4,3,2,9,Clients Fidèles
12500,Germany,False,44,11,4257.82,4,5,5,14,Champions
12501,Germany,False,357,1,2169.39,1,1,5,7,Clients Perdus
12502,Spain,False,116,5,3723.87,2,4,5,11,Clients à Risque
12504,Germany,False,39,2,482.05,4,2,2,8,Nouveaux Clients
12506,France,False,253,1,73.5,1,1,1,3,Clients Perdus
12507,Spain,False,155,3,1304.81,2,3,4,9,Clients à Risque
12508,France,False,47,2,398.27,4,2,2,8,Nouveaux Clients
12509,France,False,305,1,176.5,1,1,1,3,Clients Perdus
12510,Spain,False,163,2,982.57,2,2,4,8,Clients Moyens
12512,Israel,False,87,2,138.03,3,2,1,6,Clients Moyens
12513,France,False,133,1,612.29,2,1,3,6,Clients Moyens
12514,Italy,False,288,1,1017.68,1,1,4,6,Clients Perdus
12515,Italy,False,374,1,383.7,1,1,2,4,Clients Perdus
12516,Germany,False,98,2,1312.06,2,2,4,8,Clients Moyens
12517,Germany,False,49,5,2502.84,4,4,5,13,Champions
12518,Germany,False,21,5,2056.89,5,4,4,13,Champions
12519,Germany,False,84,1,340.84000000000003,3,1,2,6,Clients Moyens
12520,Germany,False,100,5,2634.26,2,4,5,11,Clients à Risque
12521,Germany,False,163,1,599.68,2,1,3,6,Clients Moyens
12522,Germany,False,60,2,192.72,3,2,1,6,Clients Moyens
12523,France,False,40,11,1789.77,4,5,4,13,Champions
12524,Germany,False,30,8,4485.72,5,5,5,15,Champions
12526,Germany,False,21,3,1316.66,5,3,4,12,Clients Fidèles
12527,Germany,False,102,3,348.71000000000004,2,3,2,7,Clients à Risque
12528,Germany,False,30,6,1933.48,5,5,4,14,Champions
12530,Germany,False,80,4,1662.28,3,4,4,11,Clients Fidèles
12531,Germany,False,35,1,125.22,4,1,1,6,Nouveaux Clients
12532,France,False,51,1,349.83000000000004,4,1,2,7,Nouveaux Clients
12534,Germany,False,151,1,1089.18,2,1,4,7,Clients Moyens
12535,France,False,112,2,716.35,2,2,3,7,Clients Moyens
12536,France,False,64,3,12601.830000000002,3,3,5,11,Clients Fidèles
12538,Spain,False,50,1,363.95,4,1,2,7,Nouveaux Clients
12539,Spain,False,43,4,5568.35,4,4,5,13,Champions
12540,Spain,False,40,17,13400.24,4,5,5,14,Champions
12541,Spain,False,50,3,981.18,4,3,4,11,Clients Fidèles
12544,Spain,False,57,1,372.7,3,1,2,6,Clients Moyens
12545,Spain,False,96,2,1000.39,2,2,4,8,Clients Moyens
12546,Spain,False,67,2,1161.5,3,2,4,9,Clients Moyens
12547,Spain,False,218,2,207.8,1,2,1,4,Clients Perdus
12548,Spain,False,187,1,95.2,2,1,1,4,Clients Moyens
12550,Spain,False,100,1,964.83,2,1,4,7,Clients Moyens
12551,Spain,False,378,1,168.0,1,1,1,3,Clients Perdus
12552,Italy,False,59,2,437.82,3,2,2,7,Clients Moyens
12553,France,False,29,10,3692.28,5,5,5,15,Champions
12556,Spain,False,71,2,603.71,3,2,3,8,Clients Moyens
12557,Spain,True,37,5,11990.96,4,4,5,13,Champions
12558,USA,False,28,1,269.96,5,1,2,8,Nouveaux Clients
12559,Germany,False,331,2,561.71,1,2,3,6,Clients Perdus
12560,Germany,False,26,3,2134.01,5,3,5,13,Clients Fidèles
12561,Germany,False,323,1,238.85,1,1,1,3,Clients Perdus
12562,France,False,29,7,3781.74,5,5,5,15,Champions
12564,France,False,282,1,456.9,1,1,2,4,Clients Perdus
12565,Saudi Arabia,False,309,1,145.92000000000002,1,1,1,3,Clients Perdus
12566,Germany,False,107,1,351.65,2,1,2,5,Clients Moyens
12567,France,False,43,10,9401.28,4,5,5,14,Champions
12569,Germany,False,23,32,4124.6900000000005,5,5,5,15,Champions
12571,France,False,60,2,519.61,3,2,3,8,Clients Moyens
12572,Germany,False,29,2,1020.42,5,2,4,11,Nouveaux Clients
12573,France,False,248,1,160.54000000000002,1,1,1,3,Clients Perdus
12574,France,False,336,1,218.45,1,1,1,3,Clients Perdus
12576,Poland,False,56,5,1315.83,3,4,4,11,Clients Fidèles
12577,France,False,56,3,657.8,3,3,3,9,Clients Fidèles
12578,Italy,False,42,2,2794.51,4,2,5,11,Nouveaux Clients
12579,France,False,99,1,440.42,2,1,2,5,Clients Moyens
12580,Germany,False,267,1,415.7,1,1,2,4,Clients Perdus
12581,Germany,False,60,1,197.71,3,1,1,5,Clients Moyens
12582,Finland,False,259,2,511.36,1,2,3,6,Clients Perdus
12583,France,False,23,15,7281.38,5,5,5,15,Champions
12584,Italy,False,24,9,2338.15,5,5,5,15,Champions
12585,Germany,False,255,2,2040.1,1,2,4,7,Clients Perdus
12586,Italy,False,38,1,196.94000000000003,4,1,1,6,Nouveaux Clients
12587,Finland,False,28,1,144.0,5,1,1,7,Nouveaux Clients
12588,Finland,False,60,1,214.9,3,1,1,5,Clients Moyens
12589,France,False,49,2,646.68,4,2,3,9,Nouveaux Clients
12590,Germany,True,232,2,9864.26,1,2,5,8,Clients Perdus
12591,Italy,False,338,1,452.85,1,1,2,4,Clients Perdus
12592,Germany,False,113,2,437.6,2,2,2,6,Clients Moyens
12593,France,False,129,3,418.1,2,3,2,7,Clients à Risque
12594,Italy,False,58,10,3338.2200000000003,3,5,5,13,Clients Fidèles
12596,Spain,False,72,2,618.27,3,2,3,8,Clients Moyens
12597,Spain,False,40,4,3811.22,4,4,5,13,Champions
12598,France,False,30,8,3023.08,5,5,5,15,Champions
12599,France,False,50,7,1032.58,4,5,4,13,Champions
12600,Germany,False,49,10,2599.04,4,5,5,14,Champions
12601,Germany,False,210,5,577.0600000000001,1,4,3,8,Clients à Risque
12602,France,False,79,1,153.12,3,1,1,5,Clients Moyens
12603,Germany,False,42,1,739.1999999999999,4,1,3,8,Nouveaux Clients
12604,France,False,100,2,254.18,2,2,2,6,Clients Moyens
12607,USA,False,81,1,1579.51,3,1,4,8,Clients Moyens
12609,Germany,False,99,3,1126.85,2,3,4,9,Clients à Risque
12610,Italy,False,43,5,2099.54,4,4,5,13,Champions
12611,Italy,False,73,1,1193.32,3,1,4,8,Clients Moyens
12612,Germany,False,95,1,704.04,2,1,3,6,Clients Moyens
12613,Germany,False,78,5,3344.38,3,4,5,12,Clients Fidèles
12614,Germany,False,298,1,315.6,1,1,2,4,Clients Perdus
12615,France,False,23,4,2291.19,5,4,5,14,Champions
12616,France,False,116,2,713.3,2,2,3,7,Clients Moyens
12617,France,False,50,1,355.53000000000003,4,1,2,7,Nouveaux Clients
12618,Italy,False,42,1,177.31,4,1,1,6,Nouveaux Clients
12619,Germany,False,37,9,3641.24,4,5,5,14,Champions
12620,France,False,35,3,1339.41,4,3,4,11,Clients Fidèles
12621,Germany,False,22,20,13689.67,5,5,5,15,Champions
12622,Germany,False,253,1,180.1,1,1,1,3,Clients Perdus
12623,Germany,False,297,1,305.1,1,1,2,4,Clients Perdus
12624,France,False,127,2,641.13,2,2,3,7,Clients Moyens
12625,Germany,False,232,2,2683.82,1,2,5,8,Clients Perdus
12626,Germany,False,44,9,6620.4800000000005,4,5,5,14,Champions
12627,Germany,False,31,7,4478.53,5,5,5,15,Champions
12628,Germany,False,25,3,786.46,5,3,3,11,Clients Fidèles
12630,Finland,False,30,2,1270.88,5,2,4,11,Nouveaux Clients
12631,Finland,False,78,1,640.5,3,1,3,7,Clients Moyens
12633,Germany,False,79,4,2163.98,3,4,5,12,Clients Fidèles
12635,Germany,False,110,2,1689.18,2,2,4,8,Clients Moyens
12637,France,False,88,8,6021.9,3,5,5,13,Clients Fidèles
12638,Sweden,False,54,1,671.69,3,1,3,7,Clients Moyens
12639,Sweden,False,259,1,486.1,1,1,2,4,Clients Perdus
12640,France,False,44,3,1174.58,4,3,4,11,Clients Fidèles
12641,Sweden,False,136,1,185.9,2,1,1,4,Clients Moyens
12642,Germany,False,46,3,1013.26,4,3,4,11,Clients Fidèles
12643,France,False,149,6,3344.64,2,5,5,12,Clients à Risque
12644,Germany,False,150,1,477.91,2,1,2,5,Clients Moyens
12645,Germany,False,54,4,1775.18,3,4,4,11,Clients Fidèles
12646,USA,False,25,2,1346.97,5,2,4,11,Nouveaux Clients
12647,Germany,False,43,12,3722.82,4,5,5,14,Champions
12648,Germany,False,175,1,318.05,2,1,2,5,Clients Moyens
12649,Germany,False,128,3,623.51,2,3,3,8,Clients à Risque
12650,France,False,24,1,314.44,5,1,2,8,Nouveaux Clients
12651,France,False,355,1,114.0,1,1,1,3,Clients Perdus
12652,France,False,352,1,919.98,1,1,3,5,Clients Perdus
12653,Israel,False,169,2,2209.85,2,2,5,9,Clients Moyens
12654,Germany,False,31,5,601.98,5,4,3,12,Clients Fidèles
12656,France,False,38,5,4051.17,4,4,5,13,Champions
12657,France,False,32,4,1643.18,5,4,4,13,Champions
12658,Germany,False,39,1,686.05,4,1,3,8,Nouveaux Clients
12659,France,False,50,1,91.68,4,1,1,6,Nouveaux Clients
12660,France,False,32,1,245.1,5,1,1,7,Nouveaux Clients
12662,Germany,False,21,11,3849.78,5,5,5,15,Champions
12664,Finland,False,29,9,4881.88,5,5,5,15,Champions
12665,Germany,False,345,1,63.0,1,1,1,3,Clients Perdus
12667,Finland,False,79,1,620.13,3,1,3,7,Clients Moyens
12668,Germany,False,32,4,3807.15,5,4,5,14,Champions
12669,France,False,171,3,2744.03,2,3,5,10,Clients à Risque
12670,France,False,31,5,2996.05,5,4,5,14,Champions
12672,France,False,350,1,225.9,1,1,1,3,Clients Perdus
12673,Germany,False,26,2,610.52,5,2,3,10,Nouveaux Clients
12674,France,False,59,4,1970.6,3,4,4,11,Clients Fidèles
12676,Sweden,False,45,6,1331.39,4,5,4,13,Champions
12678,France,True,63,12,17628.46,3,5,5,13,Clients Fidèles
12679,France,False,79,4,1113.02,3,4,4,11,Clients Fidèles
12680,France,False,21,4,862.81,5,4,3,12,Clients Fidèles
12681,France,False,35,22,13787.54,4,5,5,14,Champions
12682,France,False,24,31,12288.22,5,5,5,15,Champions
12683,France,False,25,15,8476.57,5,5,5,15,Champions
12684,France,False,28,7,2283.63,5,5,5,15,Champions
12685,France,False,49,6,2863.08,4,5,5,14,Champions
12686,France,False,392,1,89.14,1,1,1,3,Clients Perdus
12688,Israel,False,134,1,4873.81,2,1,5,8,Clients Moyens
12689,France,False,46,2,1247.61,4,2,4,10,Nouveaux Clients
12690,France,False,226,1,389.01,1,1,2,4,Clients Perdus
12691,France,False,49,6,1035.8,4,5,4,13,Champions
12693,Germany,False,148,4,855.91,2,4,3,9,Clients à Risque
12694,France,False,91,2,869.67,3,2,3,8,Clients Moyens
12695,France,False,28,4,582.1,5,4,3,12,Clients Fidèles
12697,Sweden,False,49,3,957.59,4,3,4,11,Clients Fidèles
12700,France,False,28,4,4939.99,5,4,5,14,Champions
12701,Germany,False,100,2,797.71,2,2,3,7,Clients Moyens
12702,Germany,False,40,1,219.0,4,1,1,6,Nouveaux Clients
12703,Germany,False,92,1,283.55,3,1,2,6,Clients Moyens
12704,Finland,False,28,8,2340.84,5,5,5,15,Champions
12705,Germany,False,36,9,6868.29,4,5,5,14,Champions
12707,France,False,312,1,603.42,1,1,3,5,Clients Perdus
12708,Germany,False,50,10,2712.91,4,5,5,14,Champions
12709,Germany,False,36,15,9736.52,4,5,5,14,Champions
12710,Germany,False,117,3,1149.02,2,3,4,9,Clients à Risque
12712,Germany,False,49,13,4396.13,4,5,5,14,Champions
12713,Germany,False,21,1,848.55,5,1,3,9,Nouveaux Clients
12714,France,False,30,5,4708.86,5,4,5,14,Champions
12715,Sweden,False,127,1,353.86,2,1,2,5,Clients Moyens
12716,France,False,24,2,1053.49,5,2,4,11,Nouveaux Clients
12717,Greece,False,172,2,1030.98,2,2,4,8,Clients Moyens
12718,France,False,92,1,238.25,3,1,1,5,Clients Moyens
12719,France,False,26,2,644.95,5,2,3,10,Nouveaux Clients
12720,Germany,False,23,25,5781.7300000000005,5,5,5,15,Champions
12721,France,False,52,6,2656.13,4,5,5,14,Champions
12722,France,False,106,4,997.63,2,4,4,10,Clients à Risque
12723,France,False,24,5,725.07,5,4,3,12,Clients Fidèles
12724,France,False,26,4,1031.41,5,4,4,13,Champions
12725,Italy,False,392,1,427.8,1,1,2,4,Clients Perdus
12726,France,False,49,7,2609.1,4,5,5,14,Champions
12727,France,False,31,7,3980.7,5,5,5,15,Champions
12728,France,False,92,4,836.33,3,4,3,10,Clients Fidèles
12729,France,False,134,1,453.01,2,1,2,5,Clients Moyens
12731,France,False,44,12,18895.91,4,5,5,14,Champions
12732,France,False,200,1,236.26,2,1,1,4,Clients Moyens
12733,USA,False,255,1,383.95,1,1,2,4,Clients Perdus
12734,France,False,373,1,110.4,1,1,1,3,Clients Perdus
12735,France,False,336,2,779.5699999999999,1,2,3,6,Clients Perdus
12736,France,False,353,1,234.0,1,1,1,3,Clients Perdus
12738,Germany,False,393,1,155.35,1,1,1,3,Clients Perdus
12739,United Arab Emirates,False,99,2,1013.04,2,2,4,8,Clients Moyens
12740,France,False,84,1,427.6,3,1,2,6,Clients Moyens
12743,Unspecified,False,155,2,546.43,2,2,3,7,Clients Moyens
12744,Singapore,False,72,7,21279.29,3,5,5,13,Clients Fidèles
12747,United Kingdom,False,23,11,4196.01,5,5,5,15,Champions
12748,United Kingdom,False,21,209,33719.73,5,5,5,15,Champions
12749,United Kingdom,False,24,5,4090.88,5,4,5,14,Champions
12750,Poland,False,149,1,275.88,2,1,2,5,Clients Moyens
12752,Norway,False,102,1,4366.78,2,1,5,8,Clients Moyens
12753,Japan,False,43,6,21429.39,4,5,5,14,Champions
12754,Japan,False,256,3,3010.74,1,3,5,9,Clients à Risque
12755,Japan,False,301,2,3811.95,1,2,5,8,Clients Perdus
12756,Japan,False,107,1,112.08,2,1,1,4,Clients Moyens
12757,Portugal,False,36,13,7857.1,4,5,5,14,Champions
12758,Portugal,False,137,2,2791.59,2,2,5,9,Clients Moyens
12759,Netherlands,False,73,3,1531.44,3,3,4,10,Clients Fidèles
12762,Portugal,False,28,2,1898.52,5,2,4,11,Nouveaux Clients
12763,Japan,False,159,2,494.08,2,2,3,7,Clients Moyens
12764,Lebanon,False,337,1,1693.88,1,1,4,6,Clients Perdus
12766,Portugal,False,24,7,6989.63,5,5,5,15,Champions
12769,Brazil,False,259,1,1143.6,1,1,4,6,Clients Perdus
12770,Japan,True,231,1,1351.45,1,1,4,6,Clients Perdus
12772,Portugal,False,80,1,892.47,3,1,3,7,Clients Moyens
12775,Netherlands,False,38,5,1386.04,4,4,4,12,Champions
12778,Netherlands,False,40,6,822.23,4,5,3,12,Clients Fidèles
12779,Poland,False,58,8,3981.36,3,5,5,13,Clients Fidèles
12781,Czech Republic,False,84,2,826.74,3,2,3,8,Clients Moyens
12782,Portugal,False,25,5,2330.92,5,4,5,14,Champions
12783,Portugal,False,23,6,2225.91,5,5,5,15,Champions
12784,Portugal,False,30,2,574.42,5,2,3,10,Nouveaux Clients
12785,Portugal,False,385,1,311.95,1,1,2,4,Clients Perdus
12787,Netherlands,False,30,3,463.66,5,3,2,10,Clients Fidèles
12789,Netherlands,False,86,1,91.85,3,1,1,5,Clients Moyens
12790,Netherlands,False,213,1,324.92,1,1,2,4,Clients Perdus
12791,Netherlands,False,394,1,192.6,1,1,1,3,Clients Perdus
12792,Portugal,False,277,1,400.54,1,1,2,4,Clients Perdus
12793,Portugal,False,355,2,545.48,1,2,3,6,Clients Perdus
12794,Portugal,False,74,2,860.41,3,2,3,8,Clients Moyens
12795,Portugal,False,39,1,430.48,4,1,2,7,Nouveaux Clients
12797,Portugal,False,386,1,254.03,1,1,2,4,Clients Perdus
12798,Japan,True,31,3,6977.04,5,3,5,13,Clients Fidèles
12802,Netherlands,False,207,1,427.58,1,1,2,4,Clients Perdus
12808,Portugal,False,57,3,483.65,3,3,2,8,Clients Fidèles
12809,Portugal,False,198,1,489.31,2,1,2,5,Clients Moyens
12811,Portugal,False,281,3,514.85,1,3,3,7,Clients à Risque
12812,Japan,False,65,1,229.64,3,1,1,5,Clients Moyens
12814,Poland,False,122,1,125.92,2,1,1,4,Clients Moyens
12815,Poland,False,168,2,1063.46,2,2,4,8,Clients Moyens
12816,Poland,False,116,2,572.2,2,2,3,7,Clients Moyens
12817,Austria,False,302,1,166.04000000000002,1,1,1,3,Clients Perdus
12818,Austria,False,282,1,1542.08,1,1,4,6,Clients Perdus
12820,United Kingdom,False,24,4,942.34,5,4,4,13,Champions
12821,United Kingdom,False,235,1,92.72,1,1,1,3,Clients Perdus
12822,United Kingdom,False,91,2,948.88,3,2,4,9,Clients Moyens
12823,United Kingdom,False,95,5,1759.5,2,4,4,10,Clients à Risque
12824,United Kingdom,False,80,1,397.12,3,1,2,6,Clients Moyens
12826,United Kingdom,False,23,7,1474.72,5,5,4,14,Champions
12827,United Kingdom,False,26,3,430.15,5,3,2,10,Clients Fidèles
12828,United Kingdom,False,23,6,1018.71,5,5,4,14,Champions
12829,United Kingdom,False,357,2,293.0,1,2,2,5,Clients Perdus
12830,United Kingdom,True,58,6,6814.64,3,5,5,13,Clients Fidèles
12831,United Kingdom,False,283,1,215.05,1,1,1,3,Clients Perdus
12832,United Kingdom,False,53,2,383.03,4,2,2,8,Nouveaux Clients
12833,United Kingdom,False,166,1,417.38,2,1,2,5,Clients Moyens
12834,United Kingdom,False,303,1,312.38,1,1,2,4,Clients Perdus
12836,United Kingdom,False,80,4,2612.86,3,4,5,12,Clients Fidèles
12837,United Kingdom,False,194,1,134.1,2,1,1,4,Clients Moyens
12838,United Kingdom,False,54,2,683.13,3,2,3,8,Clients Moyens
12839,United Kingdom,False,23,14,5591.42,5,5,5,15,Champions
12840,United Kingdom,False,164,4,2726.77,2,4,5,11,Clients à Risque
12841,United Kingdom,False,25,25,4022.35,5,5,5,15,Champions
12842,United Kingdom,False,91,2,1118.99,3,2,4,9,Clients Moyens
12843,United Kingdom,False,86,8,1702.26,3,5,4,12,Clients Fidèles
12844,United Kingdom,False,50,2,325.96000000000004,4,2,2,8,Nouveaux Clients
12845,United Kingdom,False,288,4,354.09000000000003,1,4,2,7,Clients à Risque
12847,United Kingdom,False,43,1,871.54,4,1,3,8,Nouveaux Clients
12849,United Kingdom,False,52,2,1050.89,4,2,4,10,Nouveaux Clients
12851,United Kingdom,False,117,1,135.18,2,1,1,4,Clients Moyens
12852,United Kingdom,False,315,1,311.55,1,1,2,4,Clients Perdus
12853,United Kingdom,False,155,6,1957.1,2,5,4,11,Clients à Risque
12854,United Kingdom,False,99,3,1324.5,2,3,4,9,Clients à Risque
12855,United Kingdom,False,393,1,38.1,1,1,1,3,Clients Perdus
12856,United Kingdom,False,28,6,2179.93,5,5,5,15,Champions
12857,United Kingdom,False,231,2,1106.4,1,2,4,7,Clients Perdus
12863,United Kingdom,False,73,1,521.2,3,1,3,7,Clients Moyens
12864,United Kingdom,True,159,1,147.12,2,1,1,4,Clients Moyens
12865,Austria,False,47,2,1568.23,4,2,4,10,Nouveaux Clients
12866,Belgium,False,304,1,559.12,1,1,3,5,Clients Perdus
12867,United Kingdom,False,47,7,4036.82,4,5,5,14,Champions
12868,United Kingdom,False,206,6,1607.0600000000002,1,5,4,10,Clients à Risque
12871,United Kingdom,False,105,2,380.64,2,2,2,6,Clients Moyens
12872,United Kingdom,False,347,2,599.97,1,2,3,6,Clients Perdus
12873,United Kingdom,False,303,1,374.0,1,1,2,4,Clients Perdus
12875,United Kingdom,True,164,2,343.2300000000001,2,2,2,6,Clients Moyens
12876,Belgium,False,78,2,2218.02,3,2,5,10,Clients Moyens
12877,United Kingdom,False,24,12,1535.77,5,5,4,14,Champions
12878,United Kingdom,False,257,2,854.99,1,2,3,6,Clients Perdus
12879,United Kingdom,False,65,3,573.22,3,3,3,9,Clients Fidèles
12881,United Kingdom,False,296,1,298.0,1,1,2,4,Clients Perdus
12882,United Kingdom,False,30,2,1463.04,5,2,4,11,Nouveaux Clients
12883,United Kingdom,False,45,4,703.47,4,4,3,11,Clients Fidèles
12884,United Kingdom,False,109,1,309.05,2,1,2,5,Clients Moyens
12885,United Kingdom,False,84,3,1175.22,3,3,4,10,Clients Fidèles
12886,United Kingdom,False,88,2,1378.4,3,2,4,9,Clients Moyens
12888,United Kingdom,False,235,2,354.12,1,2,2,5,Clients Perdus
12890,United Kingdom,False,45,1,380.47,4,1,2,7,Nouveaux Clients
12891,United Kingdom,True,206,3,331.0,1,3,2,6,Clients à Risque
12893,United Kingdom,False,51,1,188.14,4,1,1,6,Nouveaux Clients
12895,United Kingdom,False,63,2,372.8,3,2,2,7,Clients Moyens
12897,United Kingdom,False,225,2,216.5,1,2,1,4,Clients Perdus
12901,United Kingdom,False,29,28,17654.54,5,5,5,15,Champions
12902,United Kingdom,False,285,1,138.68,1,1,1,3,Clients Perdus
12904,United Kingdom,False,39,2,509.58,4,2,3,9,Nouveaux Clients
12906,United Kingdom,False,32,5,2919.81,5,4,5,14,Champions
12908,United Kingdom,True,197,2,750.0,2,2,3,7,Clients Moyens
12909,United Kingdom,False,60,5,2178.67,3,4,5,12,Clients Fidèles
12910,United Kingdom,False,44,8,3075.04,4,5,5,14,Champions
12912,United Kingdom,False,23,5,1662.3,5,4,4,13,Champions
12913,United Kingdom,False,25,5,2483.63,5,4,5,14,Champions
12915,United Kingdom,False,169,2,363.65,2,2,2,6,Clients Moyens
12916,United Kingdom,False,159,4,3006.15,2,4,5,11,Clients à Risque
12917,United Kingdom,True,149,1,594.0,2,1,3,6,Clients Moyens
12919,United Kingdom,False,29,6,1335.19,5,5,4,14,Champions
12920,United Kingdom,False,38,1,164.23,4,1,1,6,Nouveaux Clients
12921,United Kingdom,False,30,37,16587.09,5,5,5,15,Champions
12922,United Kingdom,False,182,1,405.38,2,1,2,5,Clients Moyens
12923,United Kingdom,False,85,1,176.97,3,1,1,5,Clients Moyens
12924,United Kingdom,False,109,4,933.7,2,4,3,9,Clients à Risque
12925,United Kingdom,False,25,2,694.05,5,2,3,10,Nouveaux Clients
12928,United Kingdom,False,56,5,2062.7,3,4,5,12,Clients Fidèles
12929,United Kingdom,False,332,1,117.85,1,1,1,3,Clients Perdus
12930,United Kingdom,False,99,2,415.8,2,2,2,6,Clients Moyens
12931,United Kingdom,True,42,15,42055.96,4,5,5,14,Champions
12933,United Kingdom,False,45,3,607.53,4,3,3,10,Clients Fidèles
12935,United Kingdom,False,23,7,2160.7,5,5,5,15,Champions
12936,United Kingdom,False,38,4,1063.9,4,4,4,12,Champions
12937,United Kingdom,False,36,4,1504.27,4,4,4,12,Champions
12938,United Kingdom,False,46,1,114.14,4,1,1,6,Nouveaux Clients
12939,United Kingdom,True,85,8,11581.8,3,5,5,13,Clients Fidèles
12940,United Kingdom,False,75,2,913.54,3,2,3,8,Clients Moyens
12942,United Kingdom,False,152,3,683.9,2,3,3,8,Clients à Risque
12944,United Kingdom,False,56,2,604.51,3,2,3,8,Clients Moyens
12945,United Kingdom,False,309,1,462.95,1,1,2,4,Clients Perdus
12947,United Kingdom,False,164,6,1603.99,2,5,4,11,Clients à Risque
12948,United Kingdom,False,37,7,2064.95,4,5,5,14,Champions
12949,United Kingdom,False,51,8,4167.22,4,5,5,14,Champions
12950,United Kingdom,False,23,3,1843.0,5,3,4,12,Clients Fidèles
12951,United Kingdom,False,29,6,1064.07,5,5,4,14,Champions
12952,United Kingdom,False,26,4,1387.79,5,4,4,13,Champions
12953,United Kingdom,False,30,1,329.85,5,1,2,8,Nouveaux Clients
12955,United Kingdom,False,22,11,4757.16,5,5,5,15,Champions
12956,United Kingdom,False,327,1,108.07,1,1,1,3,Clients Perdus
12957,United Kingdom,False,30,8,4017.54,5,5,5,15,Champions
12962,United Kingdom,False,28,2,266.39,5,2,2,9,Nouveaux Clients
12963,United Kingdom,False,29,8,1856.63,5,5,4,14,Champions
12965,United Kingdom,False,110,1,771.91,2,1,3,6,Clients Moyens
12966,United Kingdom,False,30,1,160.18,5,1,1,7,Nouveaux Clients
12967,United Kingdom,False,379,2,1660.9,1,2,4,7,Clients Perdus
12968,United Kingdom,False,133,1,135.95,2,1,1,4,Clients Moyens
12970,United Kingdom,False,28,4,452.24,5,4,2,11,Clients Fidèles
12971,United Kingdom,False,24,86,11189.91,5,5,5,15,Champions
12974,United Kingdom,False,218,1,144.8,1,1,1,3,Clients Perdus
12976,United Kingdom,False,232,1,738.6,1,1,3,5,Clients Perdus
12977,United Kingdom,False,177,1,39.24,2,1,1,4,Clients Moyens
12980,United Kingdom,False,178,9,7374.900000000001,2,5,5,12,Clients à Risque
12981,United Kingdom,False,50,2,372.22,4,2,2,8,Nouveaux Clients
12982,United Kingdom,False,263,1,390.54,1,1,2,4,Clients Perdus
12984,United Kingdom,False,39,1,97.5,4,1,1,6,Nouveaux Clients
12985,United Kingdom,False,21,2,1239.38,5,2,4,11,Nouveaux Clients
12987,United Kingdom,False,94,2,558.7,2,2,3,7,Clients Moyens
12988,United Kingdom,False,313,1,535.32,1,1,3,5,Clients Perdus
12989,United Kingdom,False,24,15,6924.11,5,5,5,15,Champions
12990,United Kingdom,False,52,3,409.5,4,3,2,9,Clients Fidèles
12991,United Kingdom,False,44,2,503.76,4,2,3,9,Nouveaux Clients
12993,United Kingdom,False,44,4,414.76,4,4,2,10,Clients Fidèles
12994,United Kingdom,False,25,3,974.42,5,3,4,12,Clients Fidèles
12995,United Kingdom,False,106,1,211.32,2,1,1,4,Clients Moyens
12997,United Kingdom,False,43,4,1226.89,4,4,4,12,Champions
12999,United Kingdom,False,217,3,455.88,1,3,2,6,Clients à Risque
13000,United Kingdom,False,127,3,534.85,2,3,3,8,Clients à Risque
13001,United Kingdom,False,25,13,9818.82,5,5,5,15,Champions
13002,United Kingdom,False,339,1,120.95,1,1,1,3,Clients Perdus
13003,United Kingdom,False,126,3,149.05,2,3,1,6,Clients à Risque
13004,United Kingdom,False,32,18,5655.91,5,5,5,15,Champions
13005,United Kingdom,False,194,2,513.7,2,2,3,7,Clients Moyens
13006,United Kingdom,False,77,1,81.57,3,1,1,5,Clients Moyens
13008,United Kingdom,False,344,1,229.47,1,1,1,3,Clients Perdus
13011,United Kingdom,False,393,1,50.55,1,1,1,3,Clients Perdus
13012,United Kingdom,False,30,8,1661.84,5,5,4,14,Champions
13013,United Kingdom,False,22,13,4810.9400000000005,5,5,5,15,Champions
13014,United Kingdom,False,31,10,3466.28,5,5,5,15,Champions
13015,United Kingdom,False,74,5,3346.28,3,4,5,12,Clients Fidèles
13016,United Kingdom,False,94,3,789.89,2,3,3,8,Clients à Risque
13017,United Kingdom,False,28,1,204.0,5,1,1,7,Nouveaux Clients
13018,United Kingdom,False,37,28,7277.7,4,5,5,14,Champions
13021,United Kingdom,False,25,9,2616.38,5,5,5,15,Champions
13023,United Kingdom,False,85,2,689.9,3,2,3,8,Clients Moyens
13026,United Kingdom,False,22,5,975.36,5,4,4,13,Champions
13027,United Kingdom,True,134,6,6912.0,2,5,5,12,Clients à Risque
13028,United Kingdom,False,43,2,661.3199999999999,4,2,3,9,Nouveaux Clients
13029,United Kingdom,False,51,3,1247.5,4,3,4,11,Clients Fidèles
13030,United Kingdom,False,32,2,799.48,5,2,3,10,Nouveaux Clients
13032,United Kingdom,False,73,2,1010.18,3,2,4,9,Clients Moyens
13033,United Kingdom,False,378,1,190.55,1,1,1,3,Clients Perdus
13034,United Kingdom,False,75,2,642.77,3,2,3,8,Clients Moyens
13035,United Kingdom,False,94,2,921.88,2,2,3,7,Clients Moyens
13037,United Kingdom,False,159,3,881.07,2,3,3,8,Clients à Risque
13038,United Kingdom,False,101,3,908.46,2,3,3,8,Clients à Risque
13040,United Kingdom,False,29,2,676.99,5,2,3,10,Nouveaux Clients
13043,United Kingdom,False,294,1,516.42,1,1,3,5,Clients Perdus
13044,United Kingdom,False,312,1,560.47,1,1,3,5,Clients Perdus
13045,United Kingdom,False,120,1,305.28000000000003,2,1,2,5,Clients Moyens
13046,United Kingdom,False,51,2,629.31,4,2,3,9,Nouveaux Clients
13047,United Kingdom,False,52,10,3237.54,4,5,5,14,Champions
13048,United Kingdom,False,35,4,1835.91,4,4,4,12,Champions
13049,United Kingdom,False,85,2,656.6800000000001,3,2,3,8,Clients Moyens
13050,United Kingdom,False,35,17,5836.86,4,5,5,14,Champions
13052,United Kingdom,False,233,1,348.15000000000003,1,1,2,4,Clients Perdus
13055,United Kingdom,False,99,3,1214.41,2,3,4,9,Clients à Risque
13058,United Kingdom,False,45,3,271.40000000000003,4,3,2,9,Clients Fidèles
13059,United Kingdom,False,270,1,183.4,1,1,1,3,Clients Perdus
13060,United Kingdom,False,274,1,307.53000000000003,1,1,2,4,Clients Perdus
13061,United Kingdom,False,93,1,248.61,2,1,1,4,Clients Moyens
13062,United Kingdom,False,212,1,346.98,1,1,2,4,Clients Perdus
13064,United Kingdom,False,33,4,1119.49,5,4,4,13,Champions
13065,United Kingdom,False,394,1,205.86,1,1,1,3,Clients Perdus
13066,United Kingdom,False,45,2,470.8,4,2,2,8,Nouveaux Clients
13067,United Kingdom,False,103,1,115.46,2,1,1,4,Clients Moyens
13068,United Kingdom,True,31,2,344.0,5,2,2,9,Nouveaux Clients
13069,United Kingdom,False,21,24,4436.12,5,5,5,15,Champions
13070,United Kingdom,False,213,1,228.8,1,1,1,3,Clients Perdus
13072,United Kingdom,False,287,1,177.15,1,1,1,3,Clients Perdus
13075,United Kingdom,False,150,1,919.61,2,1,3,6,Clients Moyens
13077,United Kingdom,False,22,4,729.27,5,4,3,12,Clients Fidèles
13078,United Kingdom,False,24,26,12627.94,5,5,5,15,Champions
13079,United Kingdom,False,25,5,220.1,5,4,1,10,Clients Fidèles
13080,United Kingdom,False,200,1,58.08,2,1,1,4,Clients Moyens
13081,United Kingdom,False,32,11,28337.38,5,5,5,15,Champions
13082,United Kingdom,False,147,9,3613.63,2,5,5,12,Clients à Risque
13083,United Kingdom,False,25,2,303.75,5,2,2,9,Nouveaux Clients
13085,United Kingdom,False,178,2,416.08,2,2,2,6,Clients Moyens
13089,United Kingdom,False,23,97,58825.83,5,5,5,15,Champions
13090,United Kingdom,False,29,14,8910.82,5,5,5,15,Champions
13091,United Kingdom,False,49,1,345.82,4,1,2,7,Nouveaux Clients
13092,United Kingdom,False,91,5,477.83,3,4,2,9,Clients Fidèles
13093,United Kingdom,False,296,8,7832.47,1,5,5,11,Clients à Risque
13094,United Kingdom,True,42,12,1927.32,4,5,4,13,Champions
13095,United Kingdom,False,91,1,74.39999999999999,3,1,1,5,Clients Moyens
13097,United Kingdom,False,53,10,6010.42,4,5,5,14,Champions
13098,United Kingdom,False,22,28,28882.44,5,5,5,15,Champions
13099,United Kingdom,True,120,1,207.36,2,1,1,4,Clients Moyens
13101,United Kingdom,False,255,1,101.19,1,1,1,3,Clients Perdus
13102,United Kingdom,False,22,24,6424.09,5,5,5,15,Champions
13103,United Kingdom,False,60,1,243.94,3,1,1,5,Clients Moyens
13104,United Kingdom,False,24,6,1098.48,5,5,4,14,Champions
13106,United Kingdom,False,154,1,76.5,2,1,1,4,Clients Moyens
13107,United Kingdom,False,65,4,1531.62,3,4,4,11,Clients Fidèles
13108,United Kingdom,False,393,1,350.06,1,1,2,4,Clients Perdus
13109,United Kingdom,False,80,2,786.54,3,2,3,8,Clients Moyens
13110,United Kingdom,False,52,7,1488.67,4,5,4,13,Champions
13113,United Kingdom,False,21,24,12245.96,5,5,5,15,Champions
13115,United Kingdom,False,32,4,2294.78,5,4,5,14,Champions
13116,United Kingdom,False,159,1,501.14,2,1,3,6,Clients Moyens
13117,United Kingdom,False,42,8,984.91,4,5,4,13,Champions
13118,United Kingdom,False,40,5,1197.81,4,4,4,12,Champions
13120,United Kingdom,False,259,1,30.6,1,1,1,3,Clients Perdus
13121,United Kingdom,False,290,1,283.73,1,1,2,4,Clients Perdus
13122,United Kingdom,False,115,2,922.39,2,2,3,7,Clients Moyens
13124,United Kingdom,False,110,3,3866.33,2,3,5,10,Clients à Risque
13126,United Kingdom,False,25,8,2099.64,5,5,5,15,Champions
13127,United Kingdom,False,98,1,259.17,2,1,2,5,Clients Moyens
13130,United Kingdom,False,115,1,64.0,2,1,1,4,Clients Moyens
13131,United Kingdom,False,44,3,1073.3,4,3,4,11,Clients Fidèles
13132,United Kingdom,False,282,1,77.3,1,1,1,3,Clients Perdus
13133,United Kingdom,False,294,2,109.8,1,2,1,4,Clients Perdus
13134,United Kingdom,False,106,4,1793.58,2,4,4,10,Clients à Risque
13135,United Kingdom,True,217,1,3096.0,1,1,5,7,Clients Perdus
13136,United Kingdom,False,77,5,2607.61,3,4,5,12,Clients Fidèles
13137,United Kingdom,False,31,8,3650.41,5,5,5,15,Champions
13138,United Kingdom,False,43,6,962.39,4,5,4,13,Champions
13139,United Kingdom,False,37,7,5064.9400000000005,4,5,5,14,Champions
13140,United Kingdom,False,129,3,423.72,2,3,2,7,Clients à Risque
13141,United Kingdom,False,105,5,2388.75,2,4,5,11,Clients à Risque
13142,United Kingdom,False,40,1,307.09000000000003,4,1,2,7,Nouveaux Clients
13144,United Kingdom,False,353,1,110.95,1,1,1,3,Clients Perdus
13145,United Kingdom,False,60,4,618.52,3,4,3,10,Clients Fidèles
13146,United Kingdom,False,47,1,228.91,4,1,1,6,Nouveaux Clients
13147,United Kingdom,False,31,4,712.8,5,4,3,12,Clients Fidèles
13148,United Kingdom,False,50,12,3707.12,4,5,5,14,Champions
13149,United Kingdom,False,35,4,1676.06,4,4,4,12,Champions
13151,United Kingdom,False,316,1,1257.87,1,1,4,6,Clients Perdus
13153,United Kingdom,False,26,1,486.22,5,1,2,8,Nouveaux Clients
13155,United Kingdom,False,54,4,971.76,3,4,4,11,Clients Fidèles
13157,United Kingdom,False,70,4,1741.22,3,4,4,11,Clients Fidèles
13158,United Kingdom,False,115,4,1201.06,2,4,4,10,Clients à Risque
13159,United Kingdom,False,29,4,1437.85,5,4,4,13,Champions
13160,United Kingdom,False,43,1,91.8,4,1,1,6,Nouveaux Clients
13161,United Kingdom,False,334,1,112.75,1,1,1,3,Clients Perdus
13162,United Kingdom,False,143,4,1688.29,2,4,4,10,Clients à Risque
13165,United Kingdom,False,67,2,1021.48,3,2,4,9,Clients Moyens
13166,United Kingdom,False,304,1,417.2,1,1,2,4,Clients Perdus
13167,United Kingdom,False,39,4,791.33,4,4,3,11,Clients Fidèles
13168,United Kingdom,False,57,4,1319.19,3,4,4,11,Clients Fidèles
13169,United Kingdom,False,84,2,712.88,3,2,3,8,Clients Moyens
13170,United Kingdom,False,47,1,116.01,4,1,1,6,Nouveaux Clients
13171,United Kingdom,False,42,3,468.41,4,3,2,9,Clients Fidèles
13173,United Kingdom,False,25,2,353.65000000000003,5,2,2,9,Nouveaux Clients
13174,United Kingdom,False,37,3,2817.03,4,3,5,12,Clients Fidèles
13176,United Kingdom,False,67,1,492.84,3,1,3,7,Clients Moyens
13177,United Kingdom,False,85,1,282.45,3,1,2,6,Clients Moyens
13178,United Kingdom,False,47,11,5725.47,4,5,5,14,Champions
13182,United Kingdom,False,66,1,121.18,3,1,1,5,Clients Moyens
13183,United Kingdom,False,28,9,3957.78,5,5,5,15,Champions
13184,United Kingdom,False,35,10,1701.29,4,5,4,13,Champions
13185,United Kingdom,False,288,1,71.4,1,1,1,3,Clients Perdus
13186,United Kingdom,False,60,3,1575.89,3,3,4,10,Clients Fidèles
13187,United Kingdom,False,358,1,236.02,1,1,1,3,Clients Perdus
13188,United Kingdom,False,32,1,114.6,5,1,1,7,Nouveaux Clients
13189,United Kingdom,False,39,2,260.68,4,2,2,8,Nouveaux Clients
13192,United Kingdom,False,116,2,911.94,2,2,3,7,Clients Moyens
13193,United Kingdom,False,82,1,117.88,3,1,1,5,Clients Moyens
13194,United Kingdom,False,156,1,60.7,2,1,1,4,Clients Moyens
13196,United Kingdom,False,32,4,1797.78,5,4,4,13,Champions
13198,United Kingdom,False,31,6,3401.24,5,5,5,15,Champions
13199,United Kingdom,False,24,38,9817.12,5,5,5,15,Champions
13200,United Kingdom,False,40,4,870.09,4,4,3,11,Clients Fidèles
13203,United Kingdom,False,30,4,869.46,5,4,3,12,Clients Fidèles
13207,United Kingdom,False,36,2,250.26,4,2,2,8,Nouveaux Clients
13208,United Kingdom,False,79,6,1223.9,3,5,4,12,Clients Fidèles
13209,United Kingdom,False,51,8,5891.61,4,5,5,14,Champions
13210,United Kingdom,False,114,1,353.48,2,1,2,5,Clients Moyens
13211,United Kingdom,False,31,3,1197.42,5,3,4,12,Clients Fidèles
13212,United Kingdom,False,40,3,788.08,4,3,3,10,Clients Fidèles
13213,United Kingdom,False,77,5,1520.58,3,4,4,11,Clients Fidèles
13216,United Kingdom,True,288,1,333.74,1,1,2,4,Clients Perdus
13217,United Kingdom,True,143,3,533.98,2,3,3,8,Clients à Risque
13218,United Kingdom,False,148,1,62.64,2,1,1,4,Clients Moyens
13220,United Kingdom,False,99,4,819.2900000000001,2,4,3,9,Clients à Risque
13221,United Kingdom,False,261,2,847.41,1,2,3,6,Clients Perdus
13223,United Kingdom,False,221,2,163.2,1,2,1,4,Clients Perdus
13224,United Kingdom,False,81,2,2155.95,3,2,5,10,Clients Moyens
13225,United Kingdom,True,24,7,6463.84,5,5,5,15,Champions
13226,United Kingdom,False,294,1,108.21,1,1,1,3,Clients Perdus
13227,United Kingdom,False,222,1,257.7,1,1,2,4,Clients Perdus
13228,United Kingdom,True,102,1,358.0,2,1,2,5,Clients Moyens
13229,United Kingdom,False,246,1,160.95,1,1,1,3,Clients Perdus
13230,United Kingdom,False,25,14,2806.97,5,5,5,15,Champions
13232,United Kingdom,False,33,7,1357.6,5,5,4,14,Champions
13233,United Kingdom,False,95,2,605.12,2,2,3,7,Clients Moyens
13235,United Kingdom,False,233,1,1031.07,1,1,4,6,Clients Perdus
13236,United Kingdom,False,45,2,744.85,4,2,3,9,Nouveaux Clients
13238,United Kingdom,False,38,4,700.73,4,4,3,11,Clients Fidèles
13239,United Kingdom,False,282,1,329.56,1,1,2,4,Clients Perdus
13240,United Kingdom,False,117,4,663.65,2,4,3,9,Clients à Risque
13242,United Kingdom,False,133,3,270.40000000000003,2,3,2,7,Clients à Risque
13243,United Kingdom,False,224,1,600.07,1,1,3,5,Clients Perdus
13244,United Kingdom,False,113,1,121.74,2,1,1,4,Clients Moyens
13245,United Kingdom,False,71,1,430.5,3,1,2,6,Clients Moyens
13246,United Kingdom,False,39,6,1987.3,4,5,4,13,Champions
13247,United Kingdom,False,38,4,501.12,4,4,3,11,Clients Fidèles
13248,United Kingdom,False,145,2,465.68,2,2,2,6,Clients Moyens
13249,United Kingdom,False,113,3,711.41,2,3,3,8,Clients à Risque
13253,United Kingdom,False,177,2,1030.4,2,2,4,8,Clients Moyens
13255,United Kingdom,False,30,2,399.51,5,2,2,9,Nouveaux Clients
13258,United Kingdom,False,32,3,698.5799999999999,5,3,3,11,Clients Fidèles
13259,United Kingdom,False,82,1,292.32,3,1,2,6,Clients Moyens
13260,United Kingdom,False,82,1,557.62,3,1,3,7,Clients Moyens
13261,United Kingdom,False,289,2,944.1,1,2,4,7,Clients Perdus
13262,United Kingdom,False,284,1,200.29,1,1,1,3,Clients Perdus
13263,United Kingdom,False,22,35,7454.07,5,5,5,15,Champions
13265,United Kingdom,False,74,5,2107.66,3,4,5,12,Clients Fidèles
13266,United Kingdom,False,32,12,3834.26,5,5,5,15,Champions
13267,United Kingdom,False,23,19,4521.49,5,5,5,15,Champions
13268,United Kingdom,False,38,11,3214.69,4,5,5,14,Champions
13269,United Kingdom,False,22,15,5346.2300000000005,5,5,5,15,Champions
13270,United Kingdom,True,387,1,590.0,1,1,3,5,Clients Perdus
13271,United Kingdom,False,58,1,217.38,3,1,1,5,Clients Moyens
13272,United Kingdom,False,52,2,276.56,4,2,2,8,Nouveaux Clients
13273,United Kingdom,False,134,1,138.98,2,1,1,4,Clients Moyens
13276,United Kingdom,False,84,2,590.9300000000001,3,2,3,8,Clients Moyens
13277,United Kingdom,False,36,4,258.4,4,4,2,10,Clients Fidèles
13278,United Kingdom,False,61,1,542.73,3,1,3,7,Clients Moyens
13279,United Kingdom,False,99,1,137.75,2,1,1,4,Clients Moyens
13280,United Kingdom,False,143,3,814.86,2,3,3,8,Clients à Risque
13282,United Kingdom,False,39,3,1132.14,4,3,4,11,Clients Fidèles
13283,United Kingdom,False,80,2,93.66,3,2,1,6,Clients Moyens
13284,United Kingdom,False,351,1,201.19,1,1,1,3,Clients Perdus
13285,United Kingdom,False,44,4,2709.12,4,4,5,13,Champions
13291,United Kingdom,False,176,1,361.11,2,1,2,5,Clients Moyens
13292,United Kingdom,False,59,2,578.94,3,2,3,8,Clients Moyens
13294,United Kingdom,False,210,2,873.74,1,2,3,6,Clients Perdus
13295,United Kingdom,False,380,1,201.2,1,1,1,3,Clients Perdus
13296,United Kingdom,False,158,1,87.4,2,1,1,4,Clients Moyens
13297,United Kingdom,False,28,4,2089.85,5,4,5,14,Champions
13298,United Kingdom,False,22,1,360.0,5,1,2,8,Nouveaux Clients
13299,United Kingdom,False,289,1,142.5,1,1,1,3,Clients Perdus
13300,United Kingdom,False,190,1,371.89,2,1,2,5,Clients Moyens
13301,United Kingdom,False,124,4,618.09,2,4,3,9,Clients à Risque
13302,United Kingdom,False,176,1,63.75,2,1,1,4,Clients Moyens
13304,United Kingdom,False,372,1,300.42,1,1,2,4,Clients Perdus
13305,United Kingdom,False,25,10,2000.86,5,5,4,14,Champions
13307,United Kingdom,False,141,1,15.0,2,1,1,4,Clients Moyens
13308,United Kingdom,False,43,3,1385.51,4,3,4,11,Clients Fidèles
13309,United Kingdom,False,28,5,1456.79,5,4,4,13,Champions
13310,United Kingdom,False,49,3,1132.03,4,3,4,11,Clients Fidèles
13311,United Kingdom,False,25,2,598.57,5,2,3,10,Nouveaux Clients
13313,United Kingdom,False,43,5,1555.3200000000002,4,4,4,12,Champions
13314,United Kingdom,False,22,3,775.94,5,3,3,11,Clients Fidèles
13316,United Kingdom,False,58,4,5977.73,3,4,5,12,Clients Fidèles
13317,United Kingdom,False,87,6,2273.68,3,5,5,13,Clients Fidèles
13318,United Kingdom,False,22,3,640.76,5,3,3,11,Clients Fidèles
13319,United Kingdom,False,26,26,10845.55,5,5,5,15,Champions
13320,United Kingdom,False,99,4,1548.7,2,4,4,10,Clients à Risque
13321,United Kingdom,False,93,2,567.36,2,2,3,7,Clients Moyens
13322,United Kingdom,False,38,1,199.48,4,1,1,6,Nouveaux Clients
13323,United Kingdom,False,24,5,787.85,5,4,3,12,Clients Fidèles
13324,United Kingdom,False,57,10,7121.95,3,5,5,13,Clients Fidèles
13325,United Kingdom,False,102,1,675.3,2,1,3,6,Clients Moyens
13327,United Kingdom,False,59,8,3627.77,3,5,5,13,Clients Fidèles
13328,United Kingdom,False,337,1,1308.48,1,1,4,6,Clients Perdus
13329,United Kingdom,False,52,2,789.0,4,2,3,9,Nouveaux Clients
13330,United Kingdom,False,113,3,1140.93,2,3,4,9,Clients à Risque
13332,United Kingdom,False,35,1,350.90000000000003,4,1,2,7,Nouveaux Clients
13334,United Kingdom,False,103,3,3536.82,2,3,5,10,Clients à Risque
13336,United Kingdom,False,98,1,795.12,2,1,3,6,Clients Moyens
13338,United Kingdom,False,178,1,487.02,2,1,2,5,Clients Moyens
13339,United Kingdom,False,221,1,860.12,1,1,3,5,Clients Perdus
13340,United Kingdom,False,66,7,10736.48,3,5,5,13,Clients Fidèles
13341,United Kingdom,False,281,1,775.85,1,1,3,5,Clients Perdus
13343,United Kingdom,False,198,1,353.43,2,1,2,5,Clients Moyens
13344,United Kingdom,False,88,3,2543.7200000000003,3,3,5,11,Clients Fidèles
13345,United Kingdom,False,308,1,389.5,1,1,2,4,Clients Perdus
13347,United Kingdom,False,91,1,341.36,3,1,2,6,Clients Moyens
13348,United Kingdom,False,85,1,233.76,3,1,1,5,Clients Moyens
13349,United Kingdom,False,31,1,247.32,5,1,1,7,Nouveaux Clients
13350,United Kingdom,False,37,2,979.12,4,2,4,10,Nouveaux Clients
13351,United Kingdom,False,87,1,373.94,3,1,2,6,Clients Moyens
13352,United Kingdom,False,81,1,397.98,3,1,2,6,Clients Moyens
13354,United Kingdom,False,92,1,743.53,3,1,3,7,Clients Moyens
13355,United Kingdom,False,143,1,674.7,2,1,3,6,Clients Moyens
13356,United Kingdom,False,101,1,768.24,2,1,3,6,Clients Moyens
13357,United Kingdom,False,278,1,609.95,1,1,3,5,Clients Perdus
13358,United Kingdom,False,289,1,439.03,1,1,2,4,Clients Perdus
13359,United Kingdom,False,84,1,439.56,3,1,2,6,Clients Moyens
13362,United Kingdom,False,30,4,3090.74,5,4,5,14,Champions
13363,United Kingdom,False,38,2,992.5,4,2,4,10,Nouveaux Clients
13364,United Kingdom,False,92,1,134.96,3,1,1,5,Clients Moyens
13365,United Kingdom,False,54,2,2225.37,3,2,5,10,Clients Moyens
13366,United Kingdom,True,71,1,56.16,3,1,1,5,Clients Moyens
13368,United Kingdom,False,277,2,623.4,1,2,3,6,Clients Perdus
13369,United Kingdom,False,386,1,308.28000000000003,1,1,2,4,Clients Perdus
13370,United Kingdom,False,392,1,754.87,1,1,3,5,Clients Perdus
13372,United Kingdom,False,110,1,378.64,2,1,2,5,Clients Moyens
13373,United Kingdom,False,81,3,3312.25,3,3,5,11,Clients Fidèles
13375,United Kingdom,False,109,1,778.65,2,1,3,6,Clients Moyens
13376,United Kingdom,False,120,3,1019.76,2,3,4,9,Clients à Risque
13379,United Kingdom,False,47,3,572.56,4,3,3,10,Clients Fidèles
13381,United Kingdom,False,52,6,3639.31,4,5,5,14,Champions
13382,United Kingdom,False,301,1,222.99,1,1,1,3,Clients Perdus
13384,United Kingdom,False,51,7,4151.93,4,5,5,14,Champions
13385,United Kingdom,False,350,1,534.57,1,1,3,5,Clients Perdus
13388,United Kingdom,False,152,2,677.1,2,2,3,7,Clients Moyens
13389,United Kingdom,False,32,3,797.96,5,3,3,11,Clients Fidèles
13390,United Kingdom,False,95,1,544.08,2,1,3,6,Clients Moyens
13391,United Kingdom,False,224,1,59.8,1,1,1,3,Clients Perdus
13394,United Kingdom,False,22,8,2520.02,5,5,5,15,Champions
13395,United Kingdom,False,206,1,307.72,1,1,2,4,Clients Perdus
13396,United Kingdom,False,50,2,1360.99,4,2,4,10,Nouveaux Clients
13397,United Kingdom,False,93,5,1544.13,2,4,4,10,Clients à Risque
13398,United Kingdom,False,213,1,457.34,1,1,2,4,Clients Perdus
13402,United Kingdom,False,148,2,621.23,2,2,3,7,Clients Moyens
13403,United Kingdom,False,38,1,75.0,4,1,1,6,Nouveaux Clients
13404,United Kingdom,False,22,2,252.49,5,2,2,9,Nouveaux Clients
13405,United Kingdom,False,95,3,572.451,2,3,3,8,Clients à Risque
13408,United Kingdom,False,22,62,28117.04,5,5,5,15,Champions
13410,United Kingdom,False,45,5,1003.06,4,4,4,12,Champions
13411,United Kingdom,False,128,1,213.55,2,1,1,4,Clients Moyens
13414,United Kingdom,False,154,3,1390.5,2,3,4,9,Clients à Risque
13416,United Kingdom,False,64,2,712.5,3,2,3,8,Clients Moyens
13417,United Kingdom,False,25,2,640.83,5,2,3,10,Nouveaux Clients
13418,United Kingdom,False,32,18,6127.43,5,5,5,15,Champions
13419,United Kingdom,False,84,1,221.06,3,1,1,5,Clients Moyens
13420,United Kingdom,False,170,2,159.85,2,2,1,5,Clients Moyens
13421,United Kingdom,False,61,2,1851.08,3,2,4,9,Clients Moyens
13422,United Kingdom,False,85,1,2626.3,3,1,5,9,Clients Moyens
13425,United Kingdom,False,129,3,1624.21,2,3,4,9,Clients à Risque
13426,United Kingdom,False,21,10,3641.32,5,5,5,15,Champions
13427,United Kingdom,False,40,3,582.6,4,3,3,10,Clients Fidèles
13428,United Kingdom,False,31,1,218.47,5,1,1,7,Nouveaux Clients
13429,United Kingdom,False,31,4,1006.8,5,4,4,13,Champions
13430,United Kingdom,False,39,2,679.45,4,2,3,9,Nouveaux Clients
13431,United Kingdom,False,88,2,1269.1,3,2,4,9,Clients Moyens
13434,United Kingdom,False,95,2,534.24,2,2,3,7,Clients Moyens
13435,United Kingdom,False,26,7,3809.89,5,5,5,15,Champions
13436,United Kingdom,False,22,1,196.89,5,1,1,7,Nouveaux Clients
13437,United Kingdom,False,35,7,3408.06,4,5,5,14,Champions
13439,United Kingdom,False,276,1,283.71,1,1,2,4,Clients Perdus
13441,United Kingdom,False,112,1,296.64,2,1,2,5,Clients Moyens
13447,United Kingdom,False,44,3,1129.14,4,3,4,11,Clients Fidèles
13448,United Kingdom,False,37,6,3539.3700000000003,4,5,5,14,Champions
13449,United Kingdom,False,44,1,291.88,4,1,2,7,Nouveaux Clients
13450,United Kingdom,False,47,6,2043.72,4,5,4,13,Champions
13451,United Kingdom,False,47,5,2976.15,4,4,5,13,Champions
13452,United Kingdom,False,280,2,590.0,1,2,3,6,Clients Perdus
13453,United Kingdom,False,186,2,356.98,2,2,2,6,Clients Moyens
13455,United Kingdom,False,45,2,1058.34,4,2,4,10,Nouveaux Clients
13456,United Kingdom,False,38,6,1766.72,4,5,4,13,Champions
13458,United Kingdom,False,28,14,9646.57,5,5,5,15,Champions
13460,United Kingdom,False,50,2,183.44,4,2,1,7,Nouveaux Clients
13461,United Kingdom,False,59,3,1445.0,3,3,4,10,Clients Fidèles
13462,United Kingdom,False,273,1,151.5,1,1,1,3,Clients Perdus
13464,United Kingdom,False,79,1,674.68,3,1,3,7,Clients Moyens
13466,United Kingdom,False,205,1,307.90000000000003,1,1,2,4,Clients Perdus
13467,United Kingdom,False,31,2,1083.71,5,2,4,11,Nouveaux Clients
13468,United Kingdom,False,22,37,5704.97,5,5,5,15,Champions
13470,United Kingdom,False,120,2,165.0,2,2,1,5,Clients Moyens
13471,United Kingdom,False,22,4,2531.58,5,4,5,14,Champions
13473,United Kingdom,False,81,2,422.64,3,2,2,7,Clients Moyens
13474,United Kingdom,False,257,1,229.59,1,1,1,3,Clients Perdus
13475,United Kingdom,False,212,4,1431.78,1,4,4,9,Clients à Risque
13476,United Kingdom,False,199,2,1238.47,2,2,4,8,Clients Moyens
13477,United Kingdom,False,58,6,1454.58,3,5,4,12,Clients Fidèles
13479,United Kingdom,False,221,2,300.95,1,2,2,5,Clients Perdus
13481,United Kingdom,False,66,5,1804.56,3,4,4,11,Clients Fidèles
13482,United Kingdom,False,253,1,184.64,1,1,1,3,Clients Perdus
13483,United Kingdom,False,86,1,140.34,3,1,1,5,Clients Moyens
13484,United Kingdom,False,262,1,313.8,1,1,2,4,Clients Perdus
13485,United Kingdom,False,254,1,454.24,1,1,2,4,Clients Perdus
13486,United Kingdom,False,99,3,1122.41,2,3,4,9,Clients à Risque
13487,United Kingdom,False,78,3,575.4,3,3,3,9,Clients Fidèles
13488,United Kingdom,False,38,13,8968.31,4,5,5,14,Champions
13489,United Kingdom,False,126,4,449.52,2,4,2,8,Clients à Risque
13491,United Kingdom,False,72,10,1215.82,3,5,4,12,Clients Fidèles
13492,Switzerland,False,157,3,1269.84,2,3,4,9,Clients à Risque
13493,Switzerland,False,296,2,618.63,1,2,3,6,Clients Perdus
13494,United Kingdom,False,332,1,316.26000000000005,1,1,2,4,Clients Perdus
13495,United Kingdom,False,28,5,2044.87,5,4,4,13,Champions
13496,United Kingdom,False,31,2,653.33,5,2,3,10,Nouveaux Clients
13497,United Kingdom,False,303,2,348.05,1,2,2,5,Clients Perdus
13499,United Kingdom,False,38,5,1159.11,4,4,4,12,Champions
13500,United Kingdom,False,44,3,1166.77,4,3,4,11,Clients Fidèles
13501,Switzerland,False,309,1,1340.32,1,1,4,6,Clients Perdus
13502,United Kingdom,False,37,3,292.0,4,3,2,9,Clients Fidèles
13503,United Kingdom,False,92,1,216.85,3,1,1,5,Clients Moyens
13504,United Kingdom,False,85,1,295.93,3,1,2,6,Clients Moyens
13505,Switzerland,False,93,4,4393.63,2,4,5,11,Clients à Risque
13506,United Kingdom,False,337,2,458.52,1,2,2,5,Clients Perdus
13507,United Kingdom,False,24,4,2479.16,5,4,5,14,Champions
13508,United Kingdom,False,264,1,110.97,1,1,1,3,Clients Perdus
13509,United Kingdom,False,29,7,979.72,5,5,4,14,Champions
13510,United Kingdom,False,22,4,1791.56,5,4,4,13,Champions
13512,United Kingdom,False,281,1,251.21,1,1,2,4,Clients Perdus
13513,United Kingdom,False,147,1,205.1,2,1,1,4,Clients Moyens
13514,United Kingdom,False,94,1,152.20000000000002,2,1,1,4,Clients Moyens
13515,United Kingdom,False,93,4,891.12,2,4,3,9,Clients à Risque
13516,United Kingdom,False,42,3,1389.41,4,3,4,11,Clients Fidèles
13517,United Kingdom,False,80,3,2128.42,3,3,5,11,Clients Fidèles
13518,United Kingdom,False,106,1,659.44,2,1,3,6,Clients Moyens
13519,United Kingdom,False,99,1,122.75,2,1,1,4,Clients Moyens
13520,Switzerland,False,79,6,3624.35,3,5,5,13,Clients Fidèles
13521,United Kingdom,False,22,3,1093.65,5,3,4,12,Clients Fidèles
13522,United Kingdom,False,51,1,125.8,4,1,1,6,Nouveaux Clients
13523,United Kingdom,False,54,5,3964.88,3,4,5,12,Clients Fidèles
13524,United Kingdom,False,61,5,680.1800000000001,3,4,3,10,Clients Fidèles
13525,United Kingdom,False,35,2,628.78,4,2,3,9,Nouveaux Clients
13527,United Kingdom,False,54,7,2287.51,3,5,5,13,Clients Fidèles
13529,United Kingdom,False,99,2,307.76,2,2,2,6,Clients Moyens
13531,United Kingdom,False,226,2,483.8,1,2,2,5,Clients Perdus
13532,United Kingdom,False,54,1,210.31,3,1,1,5,Clients Moyens
13533,United Kingdom,False,203,3,270.79,1,3,2,6,Clients à Risque
13534,United Kingdom,False,23,25,5870.08,5,5,5,15,Champions
13536,United Kingdom,False,22,7,3448.29,5,5,5,15,Champions
13538,United Kingdom,False,64,7,1280.85,3,5,4,12,Clients Fidèles
13539,United Kingdom,False,106,3,631.34,2,3,3,8,Clients à Risque
13544,United Kingdom,False,60,2,291.41,3,2,2,7,Clients Moyens
13546,United Kingdom,False,33,3,626.99,5,3,3,11,Clients Fidèles
13548,United Kingdom,False,117,2,682.41,2,2,3,7,Clients Moyens
13549,United Kingdom,False,46,7,918.2,4,5,3,12,Clients Fidèles
13551,United Kingdom,False,340,1,91.8,1,1,1,3,Clients Perdus
13552,United Kingdom,False,87,12,3740.07,3,5,5,13,Clients Fidèles
13555,United Kingdom,False,94,4,4149.28,2,4,5,11,Clients à Risque
13557,United Kingdom,False,49,2,584.0600000000001,4,2,3,9,Nouveaux Clients
13558,United Kingdom,False,26,4,605.06,5,4,3,12,Clients Fidèles
13560,United Kingdom,False,28,1,174.37,5,1,1,7,Nouveaux Clients
13561,United Kingdom,False,236,1,141.86,1,1,1,3,Clients Perdus
13562,United Kingdom,False,102,3,1799.3300000000002,2,3,4,9,Clients à Risque
13563,United Kingdom,False,105,2,777.53,2,2,3,7,Clients Moyens
13564,United Kingdom,False,165,3,1749.02,2,3,4,9,Clients à Risque
13565,United Kingdom,False,40,2,240.22,4,2,1,7,Nouveaux Clients
13566,United Kingdom,False,61,2,874.71,3,2,3,8,Clients Moyens
13568,United Kingdom,False,194,1,192.85,2,1,1,4,Clients Moyens
13569,United Kingdom,False,38,2,373.75,4,2,2,8,Nouveaux Clients
13570,United Kingdom,False,264,1,239.49,1,1,1,3,Clients Perdus
13571,United Kingdom,False,33,12,2092.32,5,5,5,15,Champions
13572,United Kingdom,False,226,1,1384.25,1,1,4,6,Clients Perdus
13573,United Kingdom,False,71,2,294.40000000000003,3,2,2,7,Clients Moyens
13575,United Kingdom,False,44,5,732.07,4,4,3,11,Clients Fidèles
13576,United Kingdom,False,31,18,6717.34,5,5,5,15,Champions
13577,United Kingdom,False,46,4,1687.6,4,4,4,12,Champions
13579,United Kingdom,False,35,2,467.04,4,2,2,8,Nouveaux Clients
13581,United Kingdom,False,330,1,118.0,1,1,1,3,Clients Perdus
13583,United Kingdom,False,176,1,781.03,2,1,3,6,Clients Moyens
13584,United Kingdom,False,327,1,142.4,1,1,1,3,Clients Perdus
13587,United Kingdom,False,84,1,712.4,3,1,3,7,Clients Moyens
13588,United Kingdom,False,36,9,2478.95,4,5,5,14,Champions
13589,United Kingdom,False,35,2,379.65,4,2,2,8,Nouveaux Clients
13590,United Kingdom,False,32,6,1981.92,5,5,4,14,Champions
13591,United Kingdom,False,85,3,1117.13,3,3,4,10,Clients Fidèles
13592,United Kingdom,False,56,4,247.96,3,4,1,8,Clients Fidèles
13593,United Kingdom,False,129,5,2037.08,2,4,4,10,Clients à Risque
13594,United Kingdom,False,73,1,396.97,3,1,2,6,Clients Moyens
13596,United Kingdom,False,26,2,697.04,5,2,3,10,Nouveaux Clients
13598,United Kingdom,False,68,1,180.17,3,1,1,5,Clients Moyens
13599,United Kingdom,False,22,21,5153.67,5,5,5,15,Champions
13600,United Kingdom,False,333,1,219.52,1,1,1,3,Clients Perdus
13601,United Kingdom,False,66,2,693.32,3,2,3,8,Clients Moyens
13602,United Kingdom,False,85,1,428.89,3,1,2,6,Clients Moyens
13603,United Kingdom,False,47,1,164.34,4,1,1,6,Nouveaux Clients
13606,United Kingdom,False,50,3,280.54,4,3,2,9,Clients Fidèles
13607,United Kingdom,False,61,1,678.01,3,1,3,7,Clients Moyens
13610,United Kingdom,False,33,7,1131.88,5,5,4,14,Champions
13611,United Kingdom,False,110,3,1171.8,2,3,4,9,Clients à Risque
13614,United Kingdom,False,45,4,1610.46,4,4,4,12,Champions
13615,United Kingdom,False,339,1,417.69,1,1,2,4,Clients Perdus
13617,United Kingdom,False,61,3,544.18,3,3,3,9,Clients Fidèles
13618,United Kingdom,False,194,1,177.34,2,1,1,4,Clients Moyens
13621,United Kingdom,False,137,1,213.85,2,1,1,4,Clients Moyens
13623,United Kingdom,False,51,5,747.78,4,4,3,11,Clients Fidèles
13626,United Kingdom,False,273,1,257.23,1,1,2,4,Clients Perdus
13627,United Kingdom,False,80,5,1638.47,3,4,4,11,Clients Fidèles
13629,United Kingdom,True,44,11,7792.36,4,5,5,14,Champions
13630,United Kingdom,False,26,7,2031.78,5,5,4,14,Champions
13631,United Kingdom,False,120,11,3070.42,2,5,5,12,Clients à Risque
13632,United Kingdom,False,45,5,2121.27,4,4,5,13,Champions
13634,United Kingdom,False,54,5,1575.16,3,4,4,11,Clients Fidèles
13635,United Kingdom,False,88,1,1071.03,3,1,4,8,Clients Moyens
13636,United Kingdom,False,57,5,949.12,3,4,4,11,Clients Fidèles
13637,United Kingdom,False,73,3,810.5,3,3,3,9,Clients Fidèles
13638,United Kingdom,False,36,1,122.64,4,1,1,6,Nouveaux Clients
13639,United Kingdom,False,95,1,1033.34,2,1,4,7,Clients Moyens
13642,United Kingdom,False,236,1,354.8,1,1,2,4,Clients Perdus
13643,United Kingdom,False,52,3,519.44,4,3,3,10,Clients Fidèles
13644,United Kingdom,False,37,4,2624.26,4,4,5,13,Champions
13645,United Kingdom,False,141,1,252.1,2,1,2,5,Clients Moyens
13647,United Kingdom,False,30,4,1678.12,5,4,4,13,Champions
13649,United Kingdom,False,277,2,346.6,1,2,2,5,Clients Perdus
13650,United Kingdom,False,37,6,1836.34,4,5,4,13,Champions
13651,United Kingdom,False,56,2,94.2,3,2,1,6,Clients Moyens
13652,United Kingdom,False,66,3,1095.08,3,3,4,10,Clients Fidèles
13654,United Kingdom,False,64,6,2707.33,3,5,5,13,Clients Fidèles
13655,United Kingdom,False,135,2,932.97,2,2,3,7,Clients Moyens
13656,United Kingdom,False,185,2,379.65,2,2,2,6,Clients Moyens
13657,United Kingdom,False,31,2,382.14,5,2,2,9,Nouveaux Clients
13658,United Kingdom,False,30,5,2639.17,5,4,5,14,Champions
13659,United Kingdom,False,226,2,1573.2,1,2,4,7,Clients Perdus
13662,United Kingdom,False,106,3,897.76,2,3,3,8,Clients à Risque
13663,United Kingdom,False,200,1,189.47,2,1,1,4,Clients Moyens
13666,United Kingdom,False,81,3,84.65,3,3,1,7,Clients Fidèles
13667,United Kingdom,False,170,1,305.02,2,1,2,5,Clients Moyens
13668,United Kingdom,False,23,21,6363.59,5,5,5,15,Champions
13669,United Kingdom,False,71,2,218.55,3,2,1,6,Clients Moyens
13670,United Kingdom,False,96,1,349.7,2,1,2,5,Clients Moyens
13672,United Kingdom,False,322,2,186.39,1,2,1,4,Clients Perdus
13673,United Kingdom,False,39,2,396.92,4,2,2,8,Nouveaux Clients
13675,United Kingdom,False,172,2,486.8200000000001,2,2,2,6,Clients Moyens
13678,United Kingdom,False,172,1,232.6,2,1,1,4,Clients Moyens
13680,United Kingdom,False,22,4,3722.42,5,4,5,14,Champions
13681,United Kingdom,False,38,4,827.83,4,4,3,11,Clients Fidèles
13682,United Kingdom,False,208,1,59.5,1,1,1,3,Clients Perdus
13684,United Kingdom,False,306,1,67.23,1,1,1,3,Clients Perdus
13685,United Kingdom,False,23,7,3119.44,5,5,5,15,Champions
13686,United Kingdom,False,203,1,72.0,1,1,1,3,Clients Perdus
13689,United Kingdom,True,84,1,910.0,3,1,3,7,Clients Moyens
13690,United Kingdom,False,80,1,172.25,3,1,1,5,Clients Moyens
13692,United Kingdom,False,45,3,1488.32,4,3,4,11,Clients Fidèles
13694,United Kingdom,True,24,50,65039.62,5,5,5,15,Champions
13695,United Kingdom,False,52,15,2504.13,4,5,5,14,Champions
13697,United Kingdom,False,59,1,151.3,3,1,1,5,Clients Moyens
13699,United Kingdom,False,176,1,308.58000000000004,2,1,2,5,Clients Moyens
13700,United Kingdom,False,47,10,2265.12,4,5,5,14,Champions
13703,United Kingdom,False,339,1,99.5,1,1,1,3,Clients Perdus
13704,United Kingdom,False,26,9,2308.06,5,5,5,15,Champions
13705,United Kingdom,False,28,3,711.86,5,3,3,11,Clients Fidèles
13706,United Kingdom,False,323,1,330.79,1,1,2,4,Clients Perdus
13707,United Kingdom,False,288,2,806.41,1,2,3,6,Clients Perdus
13708,United Kingdom,False,292,1,296.88,1,1,2,4,Clients Perdus
13709,United Kingdom,False,24,13,6328.05,5,5,5,15,Champions
13710,United Kingdom,False,52,1,180.48,4,1,1,6,Nouveaux Clients
13711,United Kingdom,False,239,2,252.06,1,2,2,5,Clients Perdus
13712,United Kingdom,False,267,1,228.84,1,1,1,3,Clients Perdus
13715,United Kingdom,False,302,5,1079.34,1,4,4,9,Clients à Risque
13716,United Kingdom,False,290,1,138.28,1,1,1,3,Clients Perdus
13717,United Kingdom,False,53,6,1445.01,4,5,4,13,Champions
13718,United Kingdom,False,267,2,306.55,1,2,2,5,Clients Perdus
13719,United Kingdom,False,36,5,1041.68,4,4,4,12,Champions
13720,United Kingdom,False,137,4,799.9,2,4,3,9,Clients à Risque
13721,United Kingdom,False,57,1,524.14,3,1,3,7,Clients Moyens
13722,United Kingdom,False,152,3,2375.41,2,3,5,10,Clients à Risque
13723,United Kingdom,False,238,1,199.85,1,1,1,3,Clients Perdus
13725,United Kingdom,False,70,8,1980.56,3,5,4,12,Clients Fidèles
13726,United Kingdom,False,59,2,1079.66,3,2,4,9,Clients Moyens
13727,United Kingdom,False,49,2,333.48,4,2,2,8,Nouveaux Clients
13728,United Kingdom,False,57,6,1016.14,3,5,4,12,Clients Fidèles
13730,United Kingdom,False,156,2,752.6,2,2,3,7,Clients Moyens
13731,United Kingdom,False,240,2,610.59,1,2,3,6,Clients Perdus
13732,United Kingdom,False,49,1,491.86,4,1,3,8,Nouveaux Clients
13735,United Kingdom,False,45,4,2885.24,4,4,5,13,Champions
13736,United Kingdom,False,26,2,731.9,5,2,3,10,Nouveaux Clients
13737,United Kingdom,False,221,1,339.6,1,1,2,4,Clients Perdus
13739,United Kingdom,False,39,1,216.9,4,1,1,6,Nouveaux Clients
13740,United Kingdom,False,261,1,350.75,1,1,2,4,Clients Perdus
13741,United Kingdom,False,92,3,668.4300000000001,3,3,3,9,Clients Fidèles
13742,United Kingdom,False,37,12,3131.02,4,5,5,14,Champions
13743,United Kingdom,False,23,7,1341.6,5,5,4,14,Champions
13744,United Kingdom,False,116,2,1156.36,2,2,4,8,Clients Moyens
13745,United Kingdom,False,183,1,300.04,2,1,2,5,Clients Moyens
13747,United Kingdom,False,394,1,79.6,1,1,1,3,Clients Perdus
13748,United Kingdom,False,116,5,948.25,2,4,4,10,Clients à Risque
13750,United Kingdom,False,74,5,1647.26,3,4,4,11,Clients Fidèles
13751,United Kingdom,False,309,1,296.25,1,1,2,4,Clients Perdus
13752,United Kingdom,False,145,6,1186.28,2,5,4,11,Clients à Risque
13753,United Kingdom,False,308,1,741.26,1,1,3,5,Clients Perdus
13754,United Kingdom,False,172,2,282.6,2,2,2,6,Clients Moyens
13755,United Kingdom,False,24,9,2161.35,5,5,5,15,Champions
13756,United Kingdom,False,23,14,5189.52,5,5,5,15,Champions
13758,United Kingdom,False,32,7,3190.55,5,5,5,15,Champions
13759,United Kingdom,False,54,2,659.4100000000001,3,2,3,8,Clients Moyens
13760,United Kingdom,False,75,2,286.79,3,2,2,7,Clients Moyens
13761,United Kingdom,False,71,2,1070.65,3,2,4,9,Clients Moyens
13762,United Kingdom,False,239,1,306.72,1,1,2,4,Clients Perdus
13763,United Kingdom,False,84,1,1714.96,3,1,4,8,Clients Moyens
13764,United Kingdom,False,91,3,1521.76,3,3,4,10,Clients Fidèles
13767,United Kingdom,False,23,37,17220.36,5,5,5,15,Champions
13769,United Kingdom,False,23,10,2796.51,5,5,5,15,Champions
13771,United Kingdom,False,85,4,2634.45,3,4,5,12,Clients Fidèles
13772,United Kingdom,False,54,3,1132.13,3,3,4,10,Clients Fidèles
13774,United Kingdom,False,102,1,345.0,2,1,2,5,Clients Moyens
13777,United Kingdom,False,21,33,25977.16,5,5,5,15,Champions
13778,United Kingdom,False,124,1,178.7,2,1,1,4,Clients Moyens
13780,United Kingdom,False,28,2,360.01,5,2,2,9,Nouveaux Clients
13781,United Kingdom,False,271,1,127.84,1,1,1,3,Clients Perdus
13782,United Kingdom,False,33,6,912.0,5,5,3,13,Clients Fidèles
13784,United Kingdom,False,30,11,2462.79,5,5,5,15,Champions
13786,United Kingdom,False,388,1,230.4,1,1,1,3,Clients Perdus
13787,United Kingdom,False,96,2,309.04,2,2,2,6,Clients Moyens
13790,United Kingdom,False,25,1,348.79999999999995,5,1,2,8,Nouveaux Clients
13791,United Kingdom,True,148,2,1516.0,2,2,4,8,Clients Moyens
13792,United Kingdom,False,87,2,195.55,3,2,1,6,Clients Moyens
13798,United Kingdom,True,22,57,37153.85,5,5,5,15,Champions
13799,United Kingdom,False,137,2,688.86,2,2,3,7,Clients Moyens
13800,United Kingdom,False,330,1,558.32,1,1,3,5,Clients Perdus
13801,United Kingdom,False,87,1,324.8,3,1,2,6,Clients Moyens
13802,United Kingdom,False,159,3,4599.42,2,3,5,10,Clients à Risque
13803,United Kingdom,False,276,1,277.07,1,1,2,4,Clients Perdus
13804,United Kingdom,False,51,7,2635.79,4,5,5,14,Champions
13805,United Kingdom,True,73,2,924.6,3,2,3,8,Clients Moyens
13806,United Kingdom,False,84,1,256.38,3,1,2,6,Clients Moyens
13807,United Kingdom,False,388,1,112.6,1,1,1,3,Clients Perdus
13808,United Kingdom,False,26,5,1747.66,5,4,4,13,Champions
13809,Cyprus,False,326,1,155.05,1,1,1,3,Clients Perdus
13810,Germany,False,49,3,1499.01,4,3,4,11,Clients Fidèles
13811,Germany,False,204,3,814.5,1,3,3,7,Clients à Risque
13812,Germany,False,63,3,539.0,3,3,3,9,Clients Fidèles
13813,Germany,False,60,4,1366.86,3,4,4,11,Clients Fidèles
13814,Germany,False,113,2,1579.12,2,2,4,8,Clients Moyens
13815,Germany,False,43,4,4027.36,4,4,5,13,Champions
13816,Germany,False,44,2,571.6700000000001,4,2,3,9,Nouveaux Clients
13817,Germany,False,50,2,382.98,4,2,2,8,Nouveaux Clients
13819,United Kingdom,False,322,3,1140.35,1,3,4,8,Clients à Risque
13821,United Kingdom,False,165,2,385.64,2,2,2,6,Clients Moyens
13822,United Kingdom,False,26,2,632.0,5,2,3,10,Nouveaux Clients
13823,United Kingdom,False,39,2,957.66,4,2,4,10,Nouveaux Clients
13824,United Kingdom,False,53,5,1698.94,4,4,4,12,Champions
13826,United Kingdom,False,197,1,189.5,2,1,1,4,Clients Moyens
13827,United Kingdom,False,78,3,412.05,3,3,2,8,Clients Fidèles
13828,United Kingdom,False,43,1,209.49,4,1,1,6,Nouveaux Clients
13831,United Kingdom,False,37,6,2202.99,4,5,5,14,Champions
13832,United Kingdom,False,40,1,52.2,4,1,1,6,Nouveaux Clients
13833,United Kingdom,False,180,1,384.8,2,1,2,5,Clients Moyens
13835,United Kingdom,False,46,4,834.57,4,4,3,11,Clients Fidèles
13837,United Kingdom,False,232,2,271.24,1,2,2,5,Clients Perdus
13838,United Kingdom,False,26,4,691.73,5,4,3,12,Clients Fidèles
13841,United Kingdom,True,273,1,85.0,1,1,1,3,Clients Perdus
13842,United Kingdom,False,79,9,3385.62,3,5,5,13,Clients Fidèles
13844,United Kingdom,False,32,1,361.62,5,1,2,8,Nouveaux Clients
13845,United Kingdom,False,85,1,312.98,3,1,2,6,Clients Moyens
13846,United Kingdom,False,45,3,865.0600000000001,4,3,3,10,Clients Fidèles
13848,United Kingdom,True,113,3,1255.0,2,3,4,9,Clients à Risque
13849,United Kingdom,False,72,2,1537.95,3,2,4,9,Clients Moyens
13850,United Kingdom,False,150,1,1595.48,2,1,4,7,Clients Moyens
13851,United Kingdom,False,116,3,2651.46,2,3,5,10,Clients à Risque
13853,United Kingdom,False,78,1,1090.14,3,1,4,8,Clients Moyens
13854,United Kingdom,False,29,25,8109.519999999999,5,5,5,15,Champions
13856,United Kingdom,False,189,3,388.5,2,3,2,7,Clients à Risque
13858,United Kingdom,False,78,1,216.17,3,1,1,5,Clients Moyens
13859,United Kingdom,False,347,1,201.16,1,1,1,3,Clients Perdus
13860,United Kingdom,False,22,5,1245.9,5,4,4,13,Champions
13862,United Kingdom,False,39,8,2209.36,4,5,5,14,Champions
13863,United Kingdom,False,268,1,305.78,1,1,2,4,Clients Perdus
13865,United Kingdom,False,79,4,501.56,3,4,3,10,Clients Fidèles
13866,United Kingdom,False,95,1,145.67,2,1,1,4,Clients Moyens
13867,United Kingdom,False,52,3,1015.29,4,3,4,11,Clients Fidèles
13868,United Kingdom,False,28,2,3192.54,5,2,5,12,Nouveaux Clients
13869,United Kingdom,False,144,4,3104.9500000000003,2,4,5,11,Clients à Risque
13870,United Kingdom,False,23,8,2770.94,5,5,5,15,Champions
13871,United Kingdom,False,43,13,6403.25,4,5,5,14,Champions
13873,United Kingdom,False,140,3,389.6,2,3,2,7,Clients à Risque
13874,United Kingdom,False,379,1,540.45,1,1,3,5,Clients Perdus
13875,United Kingdom,False,74,5,1786.79,3,4,4,11,Clients Fidèles
13876,United Kingdom,False,84,1,122.7,3,1,1,5,Clients Moyens
13877,United Kingdom,False,107,1,117.24,2,1,1,4,Clients Moyens
13878,United Kingdom,False,75,1,1281.53,3,1,4,8,Clients Moyens
13880,United Kingdom,False,42,13,3219.77,4,5,5,14,Champions
13881,United Kingdom,False,24,20,17159.52,5,5,5,15,Champions
13882,United Kingdom,False,23,5,1191.13,5,4,4,13,Champions
13883,United Kingdom,False,31,5,2674.48,5,4,5,14,Champions
13884,United Kingdom,False,28,5,787.6,5,4,3,12,Clients Fidèles
13885,United Kingdom,False,210,2,506.8,1,2,3,6,Clients Perdus
13886,United Kingdom,False,92,1,243.56,3,1,1,5,Clients Moyens
13887,United Kingdom,False,225,1,349.55,1,1,2,4,Clients Perdus
13888,United Kingdom,False,140,2,605.63,2,2,3,7,Clients Moyens
13889,United Kingdom,False,113,1,416.9,2,1,2,5,Clients Moyens
13890,United Kingdom,False,22,10,1883.81,5,5,4,14,Champions
13892,United Kingdom,False,47,4,632.97,4,4,3,11,Clients Fidèles
13893,United Kingdom,False,318,1,821.1,1,1,3,5,Clients Perdus
13894,United Kingdom,False,44,3,564.62,4,3,3,10,Clients Fidèles
13895,United Kingdom,False,49,4,2593.07,4,4,5,13,Champions
13897,United Kingdom,False,71,1,311.16,3,1,2,6,Clients Moyens
13898,United Kingdom,False,346,1,155.93,1,1,1,3,Clients Perdus
13899,United Kingdom,False,37,2,388.52,4,2,2,8,Nouveaux Clients
13900,United Kingdom,False,204,3,740.95,1,3,3,7,Clients à Risque
13901,United Kingdom,False,93,5,2867.2000000000003,2,4,5,11,Clients à Risque
13904,United Kingdom,False,58,2,332.64,3,2,2,7,Clients Moyens
13908,United Kingdom,False,100,4,2369.55,2,4,5,11,Clients à Risque
13911,United Kingdom,False,78,9,2580.91,3,5,5,13,Clients Fidèles
13914,United Kingdom,False,32,2,626.45,5,2,3,10,Nouveaux Clients
13917,United Kingdom,False,70,2,272.04,3,2,2,7,Clients Moyens
13918,United Kingdom,False,70,2,1212.84,3,2,4,9,Clients Moyens
13919,Denmark,False,80,2,384.81,3,2,2,7,Clients Moyens
13922,United Kingdom,False,372,1,172.25,1,1,1,3,Clients Perdus
13923,United Kingdom,False,74,1,351.13,3,1,2,6,Clients Moyens
13924,United Kingdom,False,22,6,1838.85,5,5,4,14,Champions
13925,United Kingdom,False,113,4,678.25,2,4,3,9,Clients à Risque
13926,United Kingdom,False,44,1,223.85,4,1,1,6,Nouveaux Clients
13927,United Kingdom,False,95,1,348.99,2,1,2,5,Clients Moyens
13928,United Kingdom,False,31,4,464.57,5,4,2,11,Clients Fidèles
13929,United Kingdom,False,190,2,842.65,2,2,3,7,Clients Moyens
13930,United Kingdom,False,78,2,337.34,3,2,2,7,Clients Moyens
13931,United Kingdom,False,116,2,1237.53,2,2,4,8,Clients Moyens
13932,United Kingdom,False,315,1,307.4,1,1,2,4,Clients Perdus
13933,United Kingdom,False,130,2,608.79,2,2,3,7,Clients Moyens
13934,United Kingdom,False,284,1,922.1,1,1,3,5,Clients Perdus
13936,United Kingdom,False,200,1,376.58,2,1,2,5,Clients Moyens
13937,United Kingdom,False,190,1,158.85,2,1,1,4,Clients Moyens
13938,United Kingdom,False,56,1,71.66,3,1,1,5,Clients Moyens
13939,United Kingdom,False,44,3,568.55,4,3,3,10,Clients Fidèles
13940,United Kingdom,False,38,4,839.14,4,4,3,11,Clients Fidèles
13941,United Kingdom,False,42,5,5112.96,4,4,5,13,Champions
13946,United Kingdom,False,100,3,561.57,2,3,3,8,Clients à Risque
13947,United Kingdom,False,86,1,90.6,3,1,1,5,Clients Moyens
13948,United Kingdom,False,381,1,102.0,1,1,1,3,Clients Perdus
13949,United Kingdom,False,23,6,2427.32,5,5,5,15,Champions
13950,United Kingdom,False,32,4,745.0600000000001,5,4,3,12,Clients Fidèles
13951,United Kingdom,False,197,3,674.45,2,3,3,8,Clients à Risque
13952,United Kingdom,False,238,2,3251.071,1,2,5,8,Clients Perdus
13953,United Kingdom,False,28,7,3515.68,5,5,5,15,Champions
13954,United Kingdom,False,22,2,439.92,5,3,2,10,Clients Fidèles
13955,United Kingdom,False,175,2,322.96,2,3,2,7,Clients à Risque
13956,United Kingdom,False,26,5,1026.42,5,4,4,13,Champions
13959,United Kingdom,False,100,3,598.2,2,3,3,8,Clients à Risque
13960,United Kingdom,False,42,2,230.22,4,3,1,8,Clients Fidèles
13962,United Kingdom,False,42,2,169.54999999999998,4,3,1,8,Clients Fidèles
13963,United Kingdom,False,329,4,664.54,1,4,3,8,Clients à Risque
13967,United Kingdom,False,166,1,80.7,2,1,1,4,Clients Moyens
13969,United Kingdom,False,28,18,9053.94,5,5,5,15,Champions
13971,United Kingdom,False,39,8,2758.26,4,5,5,14,Champions
13972,United Kingdom,False,91,2,190.25,3,3,1,7,Clients Fidèles
13973,United Kingdom,False,308,1,264.7,1,1,2,4,Clients Perdus
13974,United Kingdom,False,70,1,413.59,3,1,2,6,Clients Moyens
13975,United Kingdom,False,52,6,2526.28,4,5,5,14,Champions
13976,United Kingdom,False,227,1,357.98,1,1,2,4,Clients Perdus
13978,United Kingdom,False,35,2,196.79,4,3,1,8,Clients Fidèles
13979,United Kingdom,False,94,1,869.87,2,1,3,6,Clients Moyens
13980,United Kingdom,False,81,1,200.14,3,1,1,5,Clients Moyens
13982,United Kingdom,False,60,4,1871.81,3,4,4,11,Clients Fidèles
13983,United Kingdom,False,50,12,2603.43,4,5,5,14,Champions
13984,United Kingdom,False,47,5,920.51,4,4,3,11,Clients Fidèles
13985,United Kingdom,False,25,15,7060.13,5,5,5,15,Champions
13986,United Kingdom,False,38,1,320.46,4,1,2,7,Nouveaux Clients
13988,United Kingdom,False,40,6,4147.96,4,5,5,14,Champions
13989,United Kingdom,False,86,2,1266.08,3,3,4,10,Clients Fidèles
13990,United Kingdom,False,234,1,311.3,1,1,2,4,Clients Perdus
13991,United Kingdom,False,33,6,855.97,5,5,3,13,Clients Fidèles
13992,United Kingdom,False,51,1,76.8,4,1,1,6,Nouveaux Clients
13993,United Kingdom,False,63,9,3466.36,3,5,5,13,Clients Fidèles
13994,United Kingdom,False,24,6,2313.14,5,5,5,15,Champions
13995,United Kingdom,False,36,5,1393.69,4,4,4,12,Champions
13999,United Kingdom,False,31,12,3901.81,5,5,5,15,Champions
14000,United Kingdom,False,232,1,635.66,1,1,3,5,Clients Perdus
14001,United Kingdom,False,66,3,2043.08,3,3,4,10,Clients Fidèles
14002,United Kingdom,False,155,2,529.73,2,3,3,8,Clients à Risque
14004,United Kingdom,False,64,7,4582.64,3,5,5,13,Clients Fidèles
14005,United Kingdom,False,30,5,2874.72,5,4,5,14,Champions
14006,United Kingdom,False,136,3,962.19,2,3,4,9,Clients à Risque
14009,United Kingdom,False,219,2,695.61,1,3,3,7,Clients à Risque
14012,United Kingdom,False,298,1,328.8,1,1,2,4,Clients Perdus
14013,United Kingdom,False,131,3,473.02,2,3,2,7,Clients à Risque
14014,United Kingdom,False,98,1,505.18,2,1,3,6,Clients Moyens
14015,United Kingdom,False,73,1,917.34,3,1,3,7,Clients Moyens
14016,EIRE,False,182,4,4341.21,2,4,5,11,Clients à Risque
14019,United Kingdom,False,67,3,1421.61,3,3,4,10,Clients Fidèles
14020,United Kingdom,False,37,2,642.8,4,3,3,10,Clients Fidèles
14021,United Kingdom,False,176,3,631.9,2,3,3,8,Clients à Risque
14022,United Kingdom,False,246,1,440.0,1,1,2,4,Clients Perdus
14023,United Kingdom,False,28,2,584.07,5,3,3,11,Clients Fidèles
14024,United Kingdom,False,142,2,327.7,2,3,2,7,Clients à Risque
14027,United Kingdom,False,81,1,104.82,3,1,1,5,Clients Moyens
14029,United Kingdom,False,84,2,467.66,3,3,2,8,Clients Fidèles
14030,United Kingdom,False,39,8,2360.09,4,5,5,14,Champions
14031,United Kingdom,False,28,19,17286.86,5,5,5,15,Champions
14032,United Kingdom,False,23,11,2975.59,5,5,5,15,Champions
14034,United Kingdom,False,43,3,651.8199999999999,4,3,3,10,Clients Fidèles
14035,United Kingdom,False,49,5,1428.02,4,4,4,12,Champions
14036,United Kingdom,False,305,1,626.65,1,1,3,5,Clients Perdus
14037,United Kingdom,False,197,2,147.20000000000002,2,3,1,6,Clients à Risque
14038,United Kingdom,False,99,3,1560.38,2,3,4,9,Clients à Risque
14039,United Kingdom,False,54,1,152.2,3,1,1,5,Clients Moyens
14040,United Kingdom,False,61,12,3614.92,3,5,5,13,Clients Fidèles
14041,United Kingdom,False,287,1,141.41,1,1,1,3,Clients Perdus
14044,United Kingdom,False,47,4,652.82,4,4,3,11,Clients Fidèles
14045,United Kingdom,True,130,4,1659.75,2,4,4,10,Clients à Risque
14046,United Kingdom,False,305,1,154.99,1,1,1,3,Clients Perdus
14047,United Kingdom,False,29,5,1308.61,5,4,4,13,Champions
14048,United Kingdom,False,326,1,409.93,1,1,2,4,Clients Perdus
14049,United Kingdom,False,37,4,5681.72,4,4,5,13,Champions
14050,United Kingdom,False,52,2,746.36,4,3,3,10,Clients Fidèles
14051,United Kingdom,False,21,23,15610.39,5,5,5,15,Champions
14052,United Kingdom,False,40,1,225.36,4,1,1,6,Nouveaux Clients
14053,United Kingdom,True,145,2,260.25,2,3,2,7,Clients à Risque
14054,United Kingdom,False,86,1,92.46,3,1,1,5,Clients Moyens
14055,United Kingdom,False,127,1,725.6400000000001,2,1,3,6,Clients Moyens
14056,United Kingdom,False,22,23,8214.65,5,5,5,15,Champions
14057,United Kingdom,False,44,17,6217.96,4,5,5,14,Champions
14059,United Kingdom,False,287,1,183.6,1,1,1,3,Clients Perdus
14060,United Kingdom,False,25,19,6140.42,5,5,5,15,Champions
14062,United Kingdom,False,30,12,10464.85,5,5,5,15,Champions
14064,United Kingdom,False,50,5,1353.74,4,4,4,12,Champions
14066,United Kingdom,False,287,1,152.55,1,1,1,3,Clients Perdus
14067,United Kingdom,False,84,2,374.7,3,3,2,8,Clients Fidèles
14068,United Kingdom,False,341,1,265.85,1,1,2,4,Clients Perdus
14071,United Kingdom,False,24,8,1438.82,5,5,4,14,Champions
14073,United Kingdom,False,53,1,151.04,4,1,1,6,Nouveaux Clients
14075,United Kingdom,False,25,3,942.26,5,3,3,11,Clients Fidèles
14076,United Kingdom,False,150,1,122.47,2,1,1,4,Clients Moyens
14077,United Kingdom,False,61,5,499.42,3,4,3,10,Clients Fidèles
14078,United Kingdom,False,122,6,1049.37,2,5,4,11,Clients à Risque
14079,United Kingdom,False,145,1,375.1,2,1,2,5,Clients Moyens
14080,United Kingdom,False,53,1,45.6,4,1,1,6,Nouveaux Clients
14081,United Kingdom,False,323,2,934.52,1,3,3,7,Clients à Risque
14082,United Kingdom,False,385,1,182.25,1,1,1,3,Clients Perdus
14083,United Kingdom,False,25,9,1018.43,5,5,4,14,Champions
14085,United Kingdom,False,23,18,4448.54,5,5,5,15,Champions
14087,United Kingdom,False,23,1,194.42,5,1,1,7,Nouveaux Clients
14088,United Kingdom,False,31,13,50491.81,5,5,5,15,Champions
14089,United Kingdom,False,77,1,161.0,3,1,1,5,Clients Moyens
14090,United Kingdom,True,345,1,76.32000000000001,1,1,1,3,Clients Perdus
14092,United Kingdom,False,28,14,4076.91,5,5,5,15,Champions
14093,United Kingdom,False,33,1,442.85,5,1,2,8,Nouveaux Clients
14096,United Kingdom,False,25,17,65164.79,5,5,5,15,Champions
14098,United Kingdom,False,57,1,147.35,3,1,1,5,Clients Moyens
14099,United Kingdom,False,37,11,3104.17,4,5,5,14,Champions
14100,United Kingdom,False,158,1,194.9,2,1,1,4,Clients Moyens
14101,United Kingdom,True,94,6,5976.79,2,5,5,12,Clients à Risque
14102,United Kingdom,False,26,5,1360.28,5,4,4,13,Champions
14104,United Kingdom,False,175,2,216.21,2,3,1,6,Clients à Risque
14105,United Kingdom,False,260,1,1266.23,1,1,4,6,Clients Perdus
14107,United Kingdom,False,72,7,2703.23,3,5,5,13,Clients Fidèles
14108,United Kingdom,False,51,2,597.91,4,3,3,10,Clients Fidèles
14109,United Kingdom,False,93,1,144.2,2,1,1,4,Clients Moyens
14110,United Kingdom,False,24,12,5683.15,5,5,5,15,Champions
14111,United Kingdom,False,35,4,692.85,4,4,3,11,Clients Fidèles
14112,United Kingdom,False,43,7,2915.15,4,5,5,14,Champions
14113,United Kingdom,False,24,4,1840.42,5,4,4,13,Champions
14114,United Kingdom,False,294,2,386.53,1,3,2,6,Clients à Risque
14116,United Kingdom,False,40,5,1382.74,4,4,4,12,Champions
14117,United Kingdom,False,164,1,90.0,2,1,1,4,Clients Moyens
14121,United Kingdom,False,24,4,2780.15,5,4,5,14,Champions
14124,United Kingdom,True,105,1,419.58,2,1,2,5,Clients Moyens
14125,United Kingdom,False,31,3,2740.43,5,3,5,13,Clients Fidèles
14126,United Kingdom,False,28,3,706.1300000000001,5,3,3,11,Clients Fidèles
14127,United Kingdom,False,143,3,709.71,2,3,3,8,Clients à Risque
14128,United Kingdom,False,81,2,637.5,3,3,3,9,Clients Fidèles
14129,United Kingdom,False,22,5,1123.86,5,4,4,13,Champions
14130,United Kingdom,False,340,1,483.86,1,1,2,4,Clients Perdus
14132,United Kingdom,False,23,11,3586.03,5,5,5,15,Champions
14133,United Kingdom,False,150,3,605.64,2,3,3,8,Clients à Risque
14135,United Kingdom,False,22,15,4690.31,5,5,5,15,Champions
14138,United Kingdom,False,22,2,982.38,5,3,4,12,Clients Fidèles
14139,United Kingdom,False,67,1,415.82,3,1,2,6,Clients Moyens
14140,United Kingdom,False,24,2,935.05,5,3,3,11,Clients Fidèles
14141,United Kingdom,False,23,4,915.13,5,4,3,12,Clients Fidèles
14142,United Kingdom,False,394,1,311.81,1,1,2,4,Clients Perdus
14143,United Kingdom,False,154,1,115.8,2,1,1,4,Clients Moyens
14145,United Kingdom,True,67,4,3742.2,3,4,5,12,Clients Fidèles
14146,United Kingdom,False,29,5,4191.0,5,4,5,14,Champions
14147,United Kingdom,False,99,2,483.4,2,3,2,7,Clients à Risque
14148,United Kingdom,False,254,1,157.2,1,1,1,3,Clients Perdus
14149,United Kingdom,False,241,1,446.62,1,1,2,4,Clients Perdus
14150,United Kingdom,False,56,2,658.64,3,3,3,9,Clients Fidèles
14152,United Kingdom,False,96,2,621.29,2,3,3,8,Clients à Risque
14154,United Kingdom,False,260,2,1345.62,1,3,4,8,Clients à Risque
14155,United Kingdom,False,287,1,118.75,1,1,1,3,Clients Perdus
14156,EIRE,False,30,55,117379.63,5,5,5,15,Champions
14157,United Kingdom,False,40,2,432.88,4,3,2,9,Clients Fidèles
14158,United Kingdom,False,61,1,507.66,3,1,3,7,Clients Moyens
14159,United Kingdom,False,40,11,4693.01,4,5,5,14,Champions
14161,United Kingdom,False,236,3,1110.52,1,3,4,8,Clients à Risque
14162,United Kingdom,False,194,2,289.36,2,3,2,7,Clients à Risque
14163,United Kingdom,False,108,4,2445.91,2,4,5,11,Clients à Risque
14164,United Kingdom,False,91,2,1631.77,3,3,4,10,Clients Fidèles
14165,United Kingdom,False,296,1,122.54,1,1,1,3,Clients Perdus
14167,United Kingdom,False,60,4,574.84,3,4,3,10,Clients Fidèles
14171,United Kingdom,False,119,1,363.79,2,1,2,5,Clients Moyens
14173,United Kingdom,False,31,4,450.84,5,4,2,11,Clients Fidèles
14174,United Kingdom,False,54,1,134.46,3,1,1,5,Clients Moyens
14175,United Kingdom,False,80,3,3222.3,3,3,5,11,Clients Fidèles
14176,United Kingdom,False,318,4,576.9000000000001,1,4,3,8,Clients à Risque
14177,United Kingdom,False,107,4,559.41,2,4,3,9,Clients à Risque
14178,United Kingdom,False,29,7,1620.93,5,5,4,14,Champions
14179,United Kingdom,False,61,2,719.78,3,3,3,9,Clients Fidèles
14180,United Kingdom,False,31,25,4748.52,5,5,5,15,Champions
14184,United Kingdom,False,87,1,452.89,3,1,2,6,Clients Moyens
14185,United Kingdom,False,352,1,197.65,1,1,1,3,Clients Perdus
14188,United Kingdom,False,51,6,2054.36,4,5,4,13,Champions
14189,United Kingdom,False,23,15,4654.08,5,5,5,15,Champions
14191,United Kingdom,False,22,13,4684.76,5,5,5,15,Champions
14193,United Kingdom,False,88,2,853.39,3,3,3,9,Clients Fidèles
14194,United Kingdom,False,25,21,11349.52,5,5,5,15,Champions
14195,United Kingdom,False,222,2,1012.0,1,3,4,8,Clients à Risque
14196,United Kingdom,False,127,1,335.52,2,1,2,5,Clients Moyens
14198,United Kingdom,False,39,4,701.4,4,4,3,11,Clients Fidèles
14199,United Kingdom,False,239,1,185.4,1,1,1,3,Clients Perdus
14201,United Kingdom,False,81,7,747.44,3,5,3,11,Clients Fidèles
14204,United Kingdom,False,23,1,161.03,5,1,1,7,Nouveaux Clients
14205,United Kingdom,False,37,2,466.7,4,3,2,9,Clients Fidèles
14206,United Kingdom,False,260,1,328.16,1,1,2,4,Clients Perdus
14208,United Kingdom,False,115,1,151.74,2,1,1,4,Clients Moyens
14209,United Kingdom,False,31,6,2073.43,5,5,5,15,Champions
14210,United Kingdom,False,126,6,1905.84,2,5,4,11,Clients à Risque
14211,United Kingdom,False,74,9,2241.1,3,5,5,13,Clients Fidèles
14212,United Kingdom,True,110,1,1070.48,2,1,4,7,Clients Moyens
14214,United Kingdom,False,51,5,1004.38,4,4,4,12,Champions
14215,United Kingdom,False,32,6,1789.72,5,5,4,14,Champions
14216,United Kingdom,False,24,4,1839.3,5,4,4,13,Champions
14217,United Kingdom,False,22,17,2004.98,5,5,4,14,Champions
14218,United Kingdom,False,63,1,169.48000000000002,3,1,1,5,Clients Moyens
14219,United Kingdom,False,25,1,89.94,5,1,1,7,Nouveaux Clients
14220,United Kingdom,False,268,2,632.4000000000001,1,3,3,7,Clients à Risque
14221,United Kingdom,False,63,9,3432.8,3,5,5,13,Clients Fidèles
14222,United Kingdom,False,198,1,683.17,2,1,3,6,Clients Moyens
14223,United Kingdom,False,113,3,991.13,2,3,4,9,Clients à Risque
14224,United Kingdom,False,131,4,1050.12,2,4,4,10,Clients à Risque
14226,United Kingdom,False,49,5,2232.19,4,4,5,13,Champions
14227,United Kingdom,False,47,10,3350.96,4,5,5,14,Champions
14229,United Kingdom,False,72,3,1547.2,3,3,4,10,Clients Fidèles
14231,United Kingdom,False,204,3,925.71,1,3,3,7,Clients à Risque
14232,United Kingdom,False,63,5,2048.07,3,4,4,11,Clients Fidèles
14233,United Kingdom,False,70,4,1462.72,3,4,4,11,Clients Fidèles
14234,United Kingdom,False,43,4,775.46,4,4,3,11,Clients Fidèles
14235,United Kingdom,False,96,5,3144.86,2,4,5,11,Clients à Risque
14236,United Kingdom,False,101,2,490.86,2,3,3,8,Clients à Risque
14237,United Kingdom,False,394,1,161.0,1,1,1,3,Clients Perdus
14238,United Kingdom,False,347,1,146.85,1,1,1,3,Clients Perdus
14239,United Kingdom,False,64,11,2380.85,3,5,5,13,Clients Fidèles
14240,United Kingdom,False,51,2,890.34,4,3,3,10,Clients Fidèles
14241,United Kingdom,False,204,1,213.7,1,1,1,3,Clients Perdus
14242,United Kingdom,False,255,2,280.55,1,3,2,6,Clients à Risque
14243,United Kingdom,False,29,10,2588.77,5,5,5,15,Champions
14245,United Kingdom,False,240,2,1693.45,1,3,4,8,Clients à Risque
14246,United Kingdom,False,131,3,1474.06,2,3,4,9,Clients à Risque
14247,United Kingdom,False,299,1,136.77,1,1,1,3,Clients Perdus
14248,United Kingdom,False,339,1,302.58,1,1,2,4,Clients Perdus
14250,United Kingdom,False,28,3,1904.05,5,3,4,12,Clients Fidèles
14251,United Kingdom,False,22,5,2879.7000000000003,5,4,5,14,Champions
14256,United Kingdom,False,281,2,969.06,1,3,4,8,Clients à Risque
14257,United Kingdom,False,85,5,3099.7200000000003,3,4,5,12,Clients Fidèles
14258,United Kingdom,False,30,9,12669.98,5,5,5,15,Champions
14259,United Kingdom,False,162,1,120.0,2,1,1,4,Clients Moyens
14261,United Kingdom,False,71,2,1163.45,3,3,4,10,Clients Fidèles
14262,United Kingdom,False,29,8,2618.23,5,5,5,15,Champions
14264,United Kingdom,False,175,2,333.97,2,3,2,7,Clients à Risque
14265,Unspecified,False,130,2,530.18,2,3,3,8,Clients à Risque
14267,United Kingdom,False,183,3,1516.24,2,3,4,9,Clients à Risque
14270,United Kingdom,False,352,1,492.65,1,1,3,5,Clients Perdus
14271,United Kingdom,False,246,1,112.32,1,1,1,3,Clients Perdus
14272,United Kingdom,False,94,2,437.96,2,3,2,7,Clients à Risque
14273,United Kingdom,False,72,4,559.97,3,4,3,10,Clients Fidèles
14276,United Kingdom,False,119,3,1119.74,2,3,4,9,Clients à Risque
14277,France,False,36,3,4216.2,4,3,5,12,Clients Fidèles
14280,United Kingdom,False,217,1,134.04,1,1,1,3,Clients Perdus
14282,United Kingdom,False,24,15,3729.34,5,5,5,15,Champions
14284,United Kingdom,False,51,2,595.25,4,3,3,10,Clients Fidèles
14285,United Kingdom,False,42,4,1910.01,4,4,4,12,Champions
14286,United Kingdom,False,44,3,4628.75,4,3,5,12,Clients Fidèles
14287,United Kingdom,False,29,3,176.63,5,3,1,9,Clients Fidèles
14288,United Kingdom,False,234,1,426.6,1,1,2,4,Clients Perdus
14289,United Kingdom,False,29,6,911.26,5,5,3,13,Clients Fidèles
14290,United Kingdom,False,32,5,2314.65,5,4,5,14,Champions
14291,United Kingdom,False,22,11,3883.25,5,5,5,15,Champions
14292,United Kingdom,False,28,9,4871.93,5,5,5,15,Champions
14293,United Kingdom,False,24,4,1046.56,5,4,4,13,Champions
14295,United Kingdom,False,61,1,166.20000000000002,3,1,1,5,Clients Moyens
14297,United Kingdom,False,38,4,1305.33,4,4,4,12,Champions
14298,United Kingdom,False,29,44,51527.3,5,5,5,15,Champions
14299,United Kingdom,False,29,9,3965.62,5,5,5,15,Champions
14300,United Kingdom,False,39,1,43.2,4,1,1,6,Nouveaux Clients
14301,United Kingdom,False,138,1,640.14,2,1,3,6,Clients Moyens
14304,United Kingdom,False,243,1,383.45,1,1,2,4,Clients Perdus
14305,United Kingdom,False,92,3,1858.96,3,3,4,10,Clients Fidèles
14306,United Kingdom,False,72,2,2093.32,3,3,5,11,Clients Fidèles
14307,United Kingdom,False,109,6,2995.7200000000003,2,5,5,12,Clients à Risque
14309,United Kingdom,False,29,9,2352.53,5,5,5,15,Champions
14311,United Kingdom,False,263,1,310.26,1,1,2,4,Clients Perdus
14312,United Kingdom,False,67,6,1611.59,3,5,4,12,Clients Fidèles
14314,United Kingdom,False,127,1,120.0,2,1,1,4,Clients Moyens
14315,United Kingdom,False,65,6,2481.13,3,5,5,13,Clients Fidèles
14317,United Kingdom,False,85,1,508.58,3,1,3,7,Clients Moyens
14320,United Kingdom,False,227,2,477.79,1,3,2,6,Clients à Risque
14321,United Kingdom,False,31,5,1530.75,5,4,4,13,Champions
14323,United Kingdom,False,135,2,605.0600000000001,2,3,3,8,Clients à Risque
14326,United Kingdom,False,263,1,183.85,1,1,1,3,Clients Perdus
14327,United Kingdom,False,184,1,311.65000000000003,2,1,2,5,Clients Moyens
14329,United Kingdom,False,38,7,5014.84,4,5,5,14,Champions
14331,United Kingdom,False,145,2,462.66,2,3,2,7,Clients à Risque
14332,United Kingdom,False,43,3,866.3100000000001,4,3,3,10,Clients Fidèles
14333,United Kingdom,False,88,1,415.2,3,1,2,6,Clients Moyens
14334,United Kingdom,False,37,8,2552.21,4,5,5,14,Champions
14335,Germany,False,37,2,468.26,4,3,2,9,Clients Fidèles
14336,United Kingdom,False,37,4,1614.91,4,4,4,12,Champions
14338,United Kingdom,False,182,2,588.22,2,3,3,8,Clients à Risque
14339,United Kingdom,False,263,1,309.52000000000004,1,1,2,4,Clients Perdus
14340,United Kingdom,False,239,1,134.7,1,1,1,3,Clients Perdus
14341,United Kingdom,False,66,8,2182.28,3,5,5,13,Clients Fidèles
14342,United Kingdom,False,42,4,668.5600000000001,4,4,3,11,Clients Fidèles
14344,United Kingdom,False,148,8,889.9300000000001,2,5,3,10,Clients à Risque
14345,United Kingdom,False,59,1,108.98,3,1,1,5,Clients Moyens
14346,United Kingdom,False,141,2,1021.58,2,3,4,9,Clients à Risque
14348,United Kingdom,False,281,1,409.57,1,1,2,4,Clients Perdus
14349,United Kingdom,False,31,1,133.5,5,1,1,7,Nouveaux Clients
14350,United Kingdom,False,295,1,282.93,1,1,2,4,Clients Perdus
14351,United Kingdom,False,185,1,51.0,2,1,1,4,Clients Moyens
14352,United Kingdom,False,178,4,1078.96,2,4,4,10,Clients à Risque
14353,United Kingdom,False,236,1,90.6,1,1,1,3,Clients Perdus
14354,United Kingdom,False,26,2,163.62,5,3,1,9,Clients Fidèles
14355,United Kingdom,False,386,1,174.4,1,1,1,3,Clients Perdus
14356,United Kingdom,False,100,2,701.23,2,3,3,8,Clients à Risque
14357,United Kingdom,False,64,1,225.77,3,1,1,5,Clients Moyens
14359,United Kingdom,False,40,3,912.18,4,3,3,10,Clients Fidèles
14360,United Kingdom,False,52,4,2128.23,4,4,5,13,Champions
14362,United Kingdom,False,43,1,161.2,4,1,1,6,Nouveaux Clients
14364,United Kingdom,False,129,8,3717.35,2,5,5,12,Clients à Risque
14367,United Kingdom,False,29,16,9261.52,5,5,5,15,Champions
14368,United Kingdom,False,340,1,155.0,1,1,1,3,Clients Perdus
14371,United Kingdom,False,316,1,100.5,1,1,1,3,Clients Perdus
14373,United Kingdom,False,379,1,76.55,1,1,1,3,Clients Perdus
14375,United Kingdom,False,206,1,257.68,1,1,2,4,Clients Perdus
14377,United Kingdom,False,212,2,617.05,1,3,3,7,Clients à Risque
14379,United Kingdom,False,65,2,348.1,3,3,2,8,Clients Fidèles
14381,United Kingdom,False,73,1,202.68,3,1,1,5,Clients Moyens
14382,United Kingdom,False,47,1,626.07,4,1,3,8,Nouveaux Clients
14383,United Kingdom,False,59,3,1247.69,3,3,4,10,Clients Fidèles
14385,United Kingdom,False,30,3,202.11,5,3,1,9,Clients Fidèles
14386,United Kingdom,False,317,1,142.4,1,1,1,3,Clients Perdus
14387,United Kingdom,False,53,3,1770.56,4,3,4,11,Clients Fidèles
14388,United Kingdom,False,31,8,3212.84,5,5,5,15,Champions
14389,United Kingdom,False,86,2,1043.46,3,3,4,10,Clients Fidèles
14390,United Kingdom,False,31,9,4652.82,5,5,5,15,Champions
14393,United Kingdom,False,239,1,67.95,1,1,1,3,Clients Perdus
14395,United Kingdom,False,23,9,3507.71,5,5,5,15,Champions
14396,United Kingdom,False,86,2,487.99,3,3,2,8,Clients Fidèles
14397,United Kingdom,False,23,19,2612.96,5,5,5,15,Champions
14400,United Kingdom,False,170,1,574.7,2,1,3,6,Clients Moyens
14401,United Kingdom,False,25,13,4051.48,5,5,5,15,Champions
14403,United Kingdom,False,151,4,1475.81,2,4,4,10,Clients à Risque
14404,United Kingdom,False,54,6,1474.32,3,5,4,12,Clients Fidèles
14406,United Kingdom,False,140,1,156.75,2,1,1,4,Clients Moyens
14407,United Kingdom,False,128,6,2157.73,2,5,5,12,Clients à Risque
14408,United Kingdom,False,31,7,2606.53,5,5,5,15,Champions
14409,United Kingdom,False,92,6,2059.4500000000003,3,5,5,13,Clients Fidèles
14410,United Kingdom,False,113,9,1105.07,2,5,4,11,Clients à Risque
14411,United Kingdom,False,331,1,1063.0,1,1,4,6,Clients Perdus
14412,United Kingdom,False,63,2,770.03,3,3,3,9,Clients Fidèles
14413,United Kingdom,False,383,1,122.7,1,1,1,3,Clients Perdus
14414,United Kingdom,False,112,7,1496.98,2,5,4,11,Clients à Risque
14415,United Kingdom,False,22,13,5900.28,5,5,5,15,Champions
14416,United Kingdom,False,43,2,490.22,4,3,3,10,Clients Fidèles
14418,United Kingdom,False,24,3,1937.25,5,3,4,12,Clients Fidèles
14419,United Kingdom,False,31,6,1058.06,5,5,4,14,Champions
14420,United Kingdom,False,120,1,387.52,2,1,2,5,Clients Moyens
14421,United Kingdom,False,78,2,813.11,3,3,3,9,Clients Fidèles
14422,United Kingdom,False,21,6,4263.64,5,5,5,15,Champions
14423,United Kingdom,False,239,1,265.2,1,1,2,4,Clients Perdus
14424,United Kingdom,False,38,1,322.08,4,1,2,7,Nouveaux Clients
14426,United Kingdom,False,44,10,4481.67,4,5,5,14,Champions
14427,United Kingdom,False,71,2,363.34,3,3,2,8,Clients Fidèles
14428,United Kingdom,False,28,5,1244.83,5,4,4,13,Champions
14431,United Kingdom,False,323,1,470.36,1,1,2,4,Clients Perdus
14432,United Kingdom,False,30,6,2255.51,5,5,5,15,Champions
14434,United Kingdom,False,42,6,1372.8,4,5,4,13,Champions
14436,United Kingdom,False,119,1,89.06,2,1,1,4,Clients Moyens
14437,United Kingdom,False,386,1,63.0,1,1,1,3,Clients Perdus
14438,United Kingdom,False,327,1,131.9,1,1,1,3,Clients Perdus
14439,Greece,False,340,1,2661.24,1,1,5,7,Clients Perdus
14440,United Kingdom,False,29,5,2357.68,5,4,5,14,Champions
14441,United Kingdom,False,21,4,1712.89,5,4,4,13,Champions
14442,Channel Islands,False,225,2,1589.82,1,3,4,8,Clients à Risque
14443,United Kingdom,False,74,4,1420.2,3,4,4,11,Clients Fidèles
14446,United Kingdom,False,21,4,1039.58,5,4,4,13,Champions
14447,United Kingdom,False,39,5,1163.23,4,4,4,12,Champions
14448,United Kingdom,False,30,2,375.35,5,3,2,10,Clients Fidèles
14449,United Kingdom,False,39,4,907.1,4,4,3,11,Clients Fidèles
14450,United Kingdom,False,201,3,483.25,1,3,2,6,Clients à Risque
14451,United Kingdom,False,81,2,662.59,3,3,3,9,Clients Fidèles
14452,United Kingdom,False,31,2,264.44,5,3,2,10,Clients Fidèles
14453,United Kingdom,False,211,1,119.93,1,1,1,3,Clients Perdus
14456,United Kingdom,False,26,9,3062.4,5,5,5,15,Champions
14457,United Kingdom,False,331,1,113.64,1,1,1,3,Clients Perdus
14459,United Kingdom,False,176,1,1837.92,2,1,4,7,Clients Moyens
14460,United Kingdom,False,131,3,434.34,2,3,2,7,Clients à Risque
14461,United Kingdom,False,169,3,2103.06,2,3,5,10,Clients à Risque
14462,United Kingdom,False,87,11,2004.02,3,5,4,12,Clients Fidèles
14463,United Kingdom,False,119,3,529.62,2,3,3,8,Clients à Risque
14465,United Kingdom,False,267,3,1058.62,1,3,4,8,Clients à Risque
14466,United Kingdom,False,50,7,2272.4,4,5,5,14,Champions
14467,United Kingdom,False,38,4,598.76,4,4,3,11,Clients Fidèles
14470,United Kingdom,False,32,2,461.19,5,3,2,10,Clients Fidèles
14472,United Kingdom,False,124,8,1936.84,2,5,4,11,Clients à Risque
14473,United Kingdom,False,95,2,234.34,2,3,1,6,Clients à Risque
14474,United Kingdom,False,67,1,547.66,3,1,3,7,Clients Moyens
14475,United Kingdom,False,92,3,925.85,3,3,3,9,Clients Fidèles
14476,United Kingdom,False,278,1,215.7,1,1,1,3,Clients Perdus
14477,United Kingdom,True,40,4,1309.6,4,4,4,12,Champions
14479,United Kingdom,False,274,2,316.25,1,3,2,6,Clients à Risque
14480,United Kingdom,False,32,1,279.05,5,1,2,8,Nouveaux Clients
14481,United Kingdom,False,185,2,636.51,2,3,3,8,Clients à Risque
14482,United Kingdom,False,39,6,2068.15,4,5,5,14,Champions
14483,United Kingdom,False,302,1,137.1,1,1,1,3,Clients Perdus
14484,United Kingdom,False,71,1,321.92,3,1,2,6,Clients Moyens
14485,United Kingdom,False,59,1,165.75,3,1,1,5,Clients Moyens
14487,United Kingdom,False,47,6,1196.33,4,5,4,13,Champions
14488,United Kingdom,False,88,1,1064.28,3,1,4,8,Clients Moyens
14489,United Kingdom,False,228,1,463.38,1,1,2,4,Clients Perdus
14491,United Kingdom,False,196,2,340.93,2,3,2,7,Clients à Risque
14493,United Kingdom,False,28,5,2383.24,5,4,5,14,Champions
14494,United Kingdom,False,46,1,139.56,4,1,1,6,Nouveaux Clients
14495,United Kingdom,False,71,2,123.8,3,3,1,7,Clients Fidèles
14496,United Kingdom,False,332,2,538.8100000000001,1,3,3,7,Clients à Risque
14497,United Kingdom,False,330,1,475.37,1,1,2,4,Clients Perdus
14498,United Kingdom,False,63,5,1957.32,3,4,4,11,Clients Fidèles
14499,United Kingdom,False,47,3,815.32,4,3,3,10,Clients Fidèles
14500,United Kingdom,False,109,3,356.85,2,3,2,7,Clients à Risque
14501,United Kingdom,False,204,2,251.21,1,3,2,6,Clients à Risque
14502,United Kingdom,False,40,11,2470.67,4,5,5,14,Champions
14503,United Kingdom,False,24,6,3543.26,5,5,5,15,Champions
14504,United Kingdom,False,68,4,673.26,3,4,3,10,Clients Fidèles
14505,United Kingdom,False,38,8,5905.64,4,5,5,14,Champions
14506,United Kingdom,False,38,5,2012.17,4,4,4,12,Champions
14507,United Kingdom,False,44,6,1383.18,4,5,4,13,Champions
14508,United Kingdom,False,43,2,276.42,4,3,2,9,Clients Fidèles
14511,United Kingdom,False,32,5,1314.81,5,4,4,13,Champions
14512,United Kingdom,False,208,2,275.28,1,3,2,6,Clients à Risque
14513,United Kingdom,False,121,3,455.59,2,3,2,7,Clients à Risque
14514,United Kingdom,False,82,3,1055.35,3,3,4,10,Clients Fidèles
14515,United Kingdom,False,38,6,2102.09,4,5,5,14,Champions
14517,United Kingdom,False,54,2,330.45,3,3,2,8,Clients Fidèles
14518,United Kingdom,False,85,1,174.37,3,1,1,5,Clients Moyens
14520,United Kingdom,False,22,2,270.6,5,3,2,10,Clients Fidèles
14522,United Kingdom,False,45,4,974.54,4,4,4,12,Champions
14523,United Kingdom,False,129,1,241.09,2,1,1,4,Clients Moyens
14524,United Kingdom,False,52,9,1867.68,4,5,4,13,Champions
14525,United Kingdom,False,40,9,4332.2,4,5,5,14,Champions
14527,United Kingdom,False,23,55,8508.82,5,5,5,15,Champions
14528,United Kingdom,False,58,1,364.22,3,1,2,6,Clients Moyens
14529,United Kingdom,False,81,3,620.04,3,3,3,9,Clients Fidèles
14530,United Kingdom,False,46,6,2925.91,4,5,5,14,Champions
14532,United Kingdom,False,257,4,932.85,1,4,3,8,Clients à Risque
14533,United Kingdom,False,45,7,1949.72,4,5,4,13,Champions
14534,United Kingdom,False,23,18,4447.05,5,5,5,15,Champions
14535,United Kingdom,False,81,3,2864.19,3,3,5,11,Clients Fidèles
14536,United Kingdom,False,280,1,171.8,1,1,1,3,Clients Perdus
14537,United Kingdom,False,78,1,355.56,3,1,2,6,Clients Moyens
14538,United Kingdom,False,85,2,388.25,3,3,2,8,Clients Fidèles
14539,United Kingdom,False,36,2,537.48,4,3,3,10,Clients Fidèles
14540,United Kingdom,False,30,3,996.26,5,3,4,12,Clients Fidèles
14541,United Kingdom,False,79,8,1461.65,3,5,4,12,Clients Fidèles
14542,United Kingdom,False,206,1,103.25,1,1,1,3,Clients Perdus
14543,United Kingdom,False,49,16,3630.33,4,5,5,14,Champions
14544,United Kingdom,False,45,2,2024.45,4,3,4,11,Clients Fidèles
14546,United Kingdom,False,26,5,2578.09,5,4,5,14,Champions
14547,United Kingdom,False,24,8,4007.54,5,5,5,15,Champions
14548,United Kingdom,True,171,2,652.8,2,3,3,8,Clients à Risque
14549,United Kingdom,False,332,1,289.24,1,1,2,4,Clients Perdus
14550,United Kingdom,False,31,2,765.62,5,3,3,11,Clients Fidèles
14551,United Kingdom,False,39,2,186.23,4,3,1,8,Clients Fidèles
14552,United Kingdom,False,172,1,165.07,2,1,1,4,Clients Moyens
14553,United Kingdom,False,40,5,859.27,4,4,3,11,Clients Fidèles
14554,United Kingdom,False,31,4,2381.04,5,4,5,14,Champions
14555,United Kingdom,False,78,2,324.14,3,3,2,8,Clients Fidèles
14557,United Kingdom,False,106,1,788.38,2,1,3,6,Clients Moyens
14560,United Kingdom,False,28,22,2237.77,5,5,5,15,Champions
14561,United Kingdom,False,96,3,1080.76,2,3,4,9,Clients à Risque
14562,United Kingdom,False,24,18,5074.77,5,5,5,15,Champions
14565,United Kingdom,False,116,4,3099.12,2,4,5,11,Clients à Risque
14566,Channel Islands,True,131,1,1432.0,2,1,4,7,Clients Moyens
14567,United Kingdom,False,77,2,1530.36,3,3,4,10,Clients Fidèles
14569,United Kingdom,False,22,1,227.39,5,1,1,7,Nouveaux Clients
14570,United Kingdom,False,301,2,218.06,1,3,1,5,Clients à Risque
14572,United Kingdom,False,24,7,2832.84,5,5,5,15,Champions
14573,United Kingdom,False,200,9,1653.42,2,5,4,11,Clients à Risque
14576,United Kingdom,False,393,1,35.400000000000006,1,1,1,3,Clients Perdus
14577,United Kingdom,False,33,4,859.71,5,4,3,12,Clients Fidèles
14578,United Kingdom,False,24,1,168.63,5,1,1,7,Nouveaux Clients
14581,United Kingdom,False,37,1,138.6,4,1,1,6,Nouveaux Clients
14582,United Kingdom,False,61,1,114.11,3,1,1,5,Clients Moyens
14583,United Kingdom,False,26,5,1052.55,5,4,4,13,Champions
14584,United Kingdom,False,190,4,1042.26,2,4,4,10,Clients à Risque
14585,United Kingdom,False,71,1,157.05,3,1,1,5,Clients Moyens
14586,United Kingdom,False,297,1,237.36,1,1,1,3,Clients Perdus
14587,United Kingdom,False,39,9,1601.14,4,5,4,13,Champions
14589,United Kingdom,False,392,1,39.75,1,1,1,3,Clients Perdus
14591,United Kingdom,False,36,4,1447.14,4,4,4,12,Champions
14592,United Kingdom,False,56,3,570.46,3,3,3,9,Clients Fidèles
14593,United Kingdom,False,42,3,617.99,4,3,3,10,Clients Fidèles
14594,United Kingdom,False,28,2,379.83,5,3,2,10,Clients Fidèles
14595,United Kingdom,False,40,6,1740.6,4,5,4,13,Champions
14597,United Kingdom,False,32,2,883.15,5,3,3,11,Clients Fidèles
14598,United Kingdom,False,65,1,221.97,3,1,1,5,Clients Moyens
14600,United Kingdom,False,326,1,393.33,1,1,2,4,Clients Perdus
14601,United Kingdom,False,31,1,213.96,5,1,1,7,Nouveaux Clients
14603,United Kingdom,True,295,1,660.0,1,1,3,5,Clients Perdus
14606,United Kingdom,False,22,93,12156.65,5,5,5,15,Champions
14607,United Kingdom,True,36,14,16569.5,4,5,5,14,Champions
14608,United Kingdom,False,25,4,1785.15,5,4,4,13,Champions
14609,United Kingdom,True,93,4,601.56,2,4,3,9,Clients à Risque
14616,United Kingdom,False,263,3,406.08,1,3,2,6,Clients à Risque
14618,United Kingdom,False,30,3,553.44,5,3,3,11,Clients Fidèles
14619,United Kingdom,False,266,1,394.44,1,1,2,4,Clients Perdus
14620,United Kingdom,False,226,2,412.78,1,3,2,6,Clients à Risque
14621,United Kingdom,False,22,5,1788.36,5,4,4,13,Champions
14622,United Kingdom,False,205,1,320.58000000000004,1,1,2,4,Clients Perdus
14623,United Kingdom,False,53,5,889.25,4,4,3,11,Clients Fidèles
14624,United Kingdom,False,78,2,225.85,3,3,1,7,Clients Fidèles
14625,United Kingdom,False,217,2,899.63,1,3,3,7,Clients à Risque
14626,United Kingdom,False,44,4,2791.27,4,4,5,13,Champions
14628,United Kingdom,False,112,2,671.96,2,3,3,8,Clients à Risque
14629,United Kingdom,False,25,2,959.01,5,3,4,12,Clients Fidèles
14631,United Kingdom,False,71,3,1006.98,3,3,4,10,Clients Fidèles
14632,United Kingdom,False,283,1,114.56,1,1,1,3,Clients Perdus
14633,United Kingdom,False,287,1,344.90000000000003,1,1,2,4,Clients Perdus
14636,United Kingdom,False,57,2,609.85,3,3,3,9,Clients Fidèles
14638,United Kingdom,False,71,1,443.6,3,1,2,6,Clients Moyens
14639,United Kingdom,False,73,6,2984.49,3,5,5,13,Clients Fidèles
14640,United Kingdom,False,45,6,2125.08,4,5,5,14,Champions
14641,United Kingdom,False,42,1,110.46,4,1,1,6,Nouveaux Clients
14642,United Kingdom,False,79,1,96.12,3,1,1,5,Clients Moyens
14643,United Kingdom,False,191,2,693.8100000000001,2,3,3,8,Clients à Risque
14644,United Kingdom,False,88,2,830.76,3,3,3,9,Clients Fidèles
14645,United Kingdom,False,177,2,597.09,2,3,3,8,Clients à Risque
14646,Netherlands,True,22,73,280206.02,5,5,5,15,Champions
14647,United Kingdom,False,222,1,243.22,1,1,1,3,Clients Perdus
14649,United Kingdom,False,25,4,1417.29,5,4,4,13,Champions
14651,United Kingdom,False,88,2,654.6,3,3,3,9,Clients Fidèles
14652,United Kingdom,False,98,1,114.18,2,1,1,4,Clients Moyens
14653,United Kingdom,False,22,7,1947.55,5,5,4,14,Champions
14655,United Kingdom,False,29,4,1932.23,5,4,4,13,Champions
14656,United Kingdom,False,190,2,291.05,2,3,2,7,Clients à Risque
14657,United Kingdom,False,38,4,848.22,4,4,3,11,Clients Fidèles
14658,United Kingdom,False,26,2,247.15,5,3,1,9,Clients Fidèles
14659,United Kingdom,False,29,9,2529.93,5,5,5,15,Champions
14660,United Kingdom,False,107,2,285.74,2,3,2,7,Clients à Risque
14661,United Kingdom,False,47,1,107.95,4,1,1,6,Nouveaux Clients
14662,United Kingdom,False,49,4,771.17,4,4,3,11,Clients Fidèles
14664,United Kingdom,False,40,2,637.89,4,3,3,10,Clients Fidèles
14665,United Kingdom,False,81,5,1835.7,3,4,4,11,Clients Fidèles
14666,United Kingdom,False,45,1,195.25,4,1,1,6,Nouveaux Clients
14667,United Kingdom,False,31,25,9241.2,5,5,5,15,Champions
14669,United Kingdom,False,262,3,1269.99,1,3,4,8,Clients à Risque
14670,United Kingdom,False,301,2,411.53,1,3,2,6,Clients à Risque
14672,United Kingdom,False,255,2,765.5500000000001,1,3,3,7,Clients à Risque
14673,United Kingdom,False,24,5,1736.4,5,4,4,13,Champions
14675,United Kingdom,False,37,1,604.75,4,1,3,8,Nouveaux Clients
14676,United Kingdom,False,52,6,2548.24,4,5,5,14,Champions
14680,United Kingdom,False,46,16,28754.11,4,5,5,14,Champions
14681,United Kingdom,False,92,3,498.95,3,3,3,9,Clients Fidèles
14682,United Kingdom,False,208,2,52.0,1,3,1,5,Clients à Risque
14684,United Kingdom,False,46,5,1236.28,4,4,4,12,Champions
14687,United Kingdom,False,127,1,628.38,2,1,3,6,Clients Moyens
14688,United Kingdom,False,28,21,5630.87,5,5,5,15,Champions
14689,United Kingdom,False,229,1,112.8,1,1,1,3,Clients Perdus
14690,United Kingdom,False,65,2,371.7,3,3,2,8,Clients Fidèles
14691,United Kingdom,False,51,5,2114.33,4,4,5,13,Champions
14692,United Kingdom,False,158,4,591.55,2,4,3,9,Clients à Risque
14693,United Kingdom,False,285,1,172.9,1,1,1,3,Clients Perdus
14696,United Kingdom,False,25,7,2078.95,5,5,5,15,Champions
14697,United Kingdom,False,239,2,188.61,1,3,1,5,Clients à Risque
14698,United Kingdom,False,22,5,1250.76,5,4,4,13,Champions
14699,United Kingdom,False,235,1,109.13,1,1,1,3,Clients Perdus
14700,United Kingdom,False,53,3,2235.3,4,3,5,12,Clients Fidèles
14701,United Kingdom,False,31,9,2549.37,5,5,5,15,Champions
14702,United Kingdom,False,22,17,3292.14,5,5,5,15,Champions
14703,United Kingdom,False,35,1,318.17,4,1,2,7,Nouveaux Clients
14704,United Kingdom,False,32,9,1546.91,5,5,4,14,Champions
14705,United Kingdom,True,219,1,179.0,1,1,1,3,Clients Perdus
14708,United Kingdom,False,23,3,1126.37,5,3,4,12,Clients Fidèles
14709,United Kingdom,False,36,13,4921.04,4,5,5,14,Champions
14710,United Kingdom,False,35,4,606.13,4,4,3,11,Clients Fidèles
14711,United Kingdom,False,31,11,2868.8,5,5,5,15,Champions
14712,United Kingdom,False,50,3,917.07,4,3,3,10,Clients Fidèles
14713,United Kingdom,False,30,11,2666.36,5,5,5,15,Champions
14714,United Kingdom,False,45,1,160.19,4,1,1,6,Nouveaux Clients
14715,United Kingdom,False,45,4,867.38,4,4,3,11,Clients Fidèles
14716,United Kingdom,False,64,2,329.68,3,3,2,8,Clients Fidèles
14719,United Kingdom,False,22,5,1602.13,5,4,4,13,Champions
14720,United Kingdom,False,26,3,663.81,5,3,3,11,Clients Fidèles
14722,United Kingdom,False,168,1,187.92,2,1,1,4,Clients Moyens
14723,United Kingdom,False,31,6,1158.3,5,5,4,14,Champions
14725,United Kingdom,False,45,1,718.08,4,1,3,8,Nouveaux Clients
14727,United Kingdom,False,295,1,268.58,1,1,2,4,Clients Perdus
14729,United Kingdom,False,394,1,313.49,1,1,2,4,Clients Perdus
14730,United Kingdom,False,22,8,2005.06,5,5,4,14,Champions
14731,United Kingdom,False,68,3,380.02,3,3,2,8,Clients Fidèles
14732,United Kingdom,False,29,8,2702.49,5,5,5,15,Champions
14733,United Kingdom,False,37,12,9585.91,4,5,5,14,Champions
14735,United Kingdom,False,24,32,6065.6900000000005,5,5,5,15,Champions
14737,United Kingdom,False,24,3,1164.55,5,3,4,12,Clients Fidèles
14738,United Kingdom,False,63,7,1314.45,3,5,4,12,Clients Fidèles
14739,United Kingdom,False,25,7,3902.28,5,5,5,15,Champions
14740,United Kingdom,False,218,3,1448.21,1,3,4,8,Clients à Risque
14741,United Kingdom,False,32,6,1400.34,5,5,4,14,Champions
14744,United Kingdom,False,37,7,1099.98,4,5,4,13,Champions
14745,United Kingdom,False,133,5,1220.26,2,4,4,10,Clients à Risque
14747,United Kingdom,False,270,1,328.2,1,1,2,4,Clients Perdus
14748,United Kingdom,False,50,5,1415.75,4,4,4,12,Champions
14752,United Kingdom,False,64,1,389.64,3,1,2,6,Clients Moyens
14753,United Kingdom,False,108,1,563.15,2,1,3,6,Clients Moyens
14754,United Kingdom,False,65,2,638.05,3,3,3,9,Clients Fidèles
14755,United Kingdom,False,30,11,5010.28,5,5,5,15,Champions
14756,United Kingdom,False,36,1,738.96,4,1,3,8,Nouveaux Clients
14757,United Kingdom,False,96,1,420.5,2,1,2,5,Clients Moyens
14758,United Kingdom,False,165,4,1484.06,2,4,4,10,Clients à Risque
14759,United Kingdom,False,25,3,1625.97,5,3,4,12,Clients Fidèles
14760,United Kingdom,False,318,1,89.2,1,1,1,3,Clients Perdus
14761,United Kingdom,False,79,2,255.9,3,3,2,8,Clients Fidèles
14762,United Kingdom,False,284,1,300.52,1,1,2,4,Clients Perdus
14764,United Kingdom,False,67,1,278.3,3,1,2,6,Clients Moyens
14765,United Kingdom,False,50,3,254.11,4,3,2,9,Clients Fidèles
14766,United Kingdom,False,29,6,2473.37,5,5,5,15,Champions
14768,United Kingdom,False,38,2,192.6,4,3,1,8,Clients Fidèles
14769,United Kingdom,False,23,8,10674.75,5,5,5,15,Champions
14770,United Kingdom,False,253,2,876.4200000000001,1,3,3,7,Clients à Risque
14772,United Kingdom,False,133,1,139.26,2,1,1,4,Clients Moyens
14775,United Kingdom,False,79,3,1011.9,3,3,4,10,Clients Fidèles
14776,United Kingdom,False,72,11,2538.3,3,5,5,13,Clients Fidèles
14778,United Kingdom,False,148,2,730.86,2,3,3,8,Clients à Risque
14779,United Kingdom,False,301,3,386.15,1,3,2,6,Clients à Risque
14780,United Kingdom,False,75,2,447.68,3,3,2,8,Clients Fidèles
14782,United Kingdom,False,340,1,200.1,1,1,1,3,Clients Perdus
14784,United Kingdom,False,47,2,289.99,4,3,2,9,Clients Fidèles
14785,United Kingdom,False,31,2,77.4,5,3,1,9,Clients Fidèles
14788,United Kingdom,False,28,2,679.44,5,3,3,11,Clients Fidèles
14789,United Kingdom,False,49,1,197.64,4,1,1,6,Nouveaux Clients
14790,United Kingdom,False,37,4,745.06,4,4,3,11,Clients Fidèles
14792,United Kingdom,False,84,1,6.2,3,1,1,5,Clients Moyens
14793,United Kingdom,False,42,1,228.99,4,1,1,6,Nouveaux Clients
14794,United Kingdom,False,23,7,1319.91,5,5,4,14,Champions
14795,United Kingdom,False,187,1,131.45000000000002,2,1,1,4,Clients Moyens
14796,United Kingdom,False,22,17,8022.49,5,5,5,15,Champions
14798,United Kingdom,False,73,3,173.74,3,3,1,7,Clients Fidèles
14799,United Kingdom,False,72,1,157.7,3,1,1,5,Clients Moyens
14800,United Kingdom,False,68,12,4339.74,3,5,5,13,Clients Fidèles
14801,United Kingdom,False,82,1,193.14,3,1,1,5,Clients Moyens
14803,United Kingdom,False,183,3,845.5500000000001,2,3,3,8,Clients à Risque
14804,United Kingdom,False,29,1,353.27,5,1,2,8,Nouveaux Clients
14805,United Kingdom,False,36,4,554.65,4,4,3,11,Clients Fidèles
14806,United Kingdom,False,96,1,193.39,2,1,1,4,Clients Moyens
14808,United Kingdom,False,60,8,2741.17,3,5,5,13,Clients Fidèles
14810,United Kingdom,False,61,11,2087.88,3,5,5,13,Clients Fidèles
14813,United Kingdom,False,390,2,155.43,1,3,1,5,Clients à Risque
14815,United Kingdom,False,57,2,778.5,3,3,3,9,Clients Fidèles
14816,United Kingdom,False,218,1,271.85,1,1,2,4,Clients Perdus
14817,United Kingdom,False,221,2,1110.34,1,3,4,8,Clients à Risque
14818,United Kingdom,False,94,3,657.8,2,3,3,8,Clients à Risque
14819,United Kingdom,False,85,2,272.07,3,3,2,8,Clients Fidèles
14820,United Kingdom,False,42,4,507.29,4,4,3,11,Clients Fidèles
14821,United Kingdom,False,387,1,48.8,1,1,1,3,Clients Perdus
14823,United Kingdom,False,201,3,321.43,1,3,2,6,Clients à Risque
14824,United Kingdom,False,31,4,1127.71,5,4,4,13,Champions
14825,United Kingdom,False,24,12,2226.9100000000003,5,5,5,15,Champions
14828,United Kingdom,True,217,3,2139.76,1,3,5,9,Clients à Risque
14829,United Kingdom,False,50,4,697.55,4,4,3,11,Clients Fidèles
14830,United Kingdom,False,74,1,197.13,3,1,1,5,Clients Moyens
14834,United Kingdom,False,38,6,1720.3,4,5,4,13,Champions
14836,United Kingdom,False,31,3,102.45,5,3,1,9,Clients Fidèles
14837,United Kingdom,False,110,4,1649.5,2,4,4,10,Clients à Risque
14840,United Kingdom,False,288,1,62.85,1,1,1,3,Clients Perdus
14841,United Kingdom,False,74,6,3295.76,3,5,5,13,Clients Fidèles
14842,United Kingdom,False,64,4,2824.69,3,4,5,12,Clients Fidèles
14844,United Kingdom,False,84,4,3189.81,3,4,5,12,Clients Fidèles
14847,United Kingdom,False,169,1,309.40000000000003,2,1,2,5,Clients Moyens
14849,United Kingdom,False,42,25,7930.54,4,5,5,14,Champions
14850,United Kingdom,False,332,1,325.75,1,1,2,4,Clients Perdus
14851,United Kingdom,False,44,2,511.35,4,3,3,10,Clients Fidèles
14852,United Kingdom,False,79,6,2836.69,3,5,5,13,Clients Fidèles
14853,United Kingdom,False,45,2,475.8,4,3,2,9,Clients Fidèles
14854,United Kingdom,False,99,7,2759.83,2,5,5,12,Clients à Risque
14855,United Kingdom,False,140,2,645.65,2,3,3,8,Clients à Risque
14856,United Kingdom,False,57,3,1311.38,3,3,4,10,Clients Fidèles
14857,United Kingdom,False,80,2,1173.12,3,3,4,10,Clients Fidèles
14859,United Kingdom,False,33,4,1353.74,5,4,4,13,Champions
14860,United Kingdom,False,40,1,170.32,4,1,1,6,Nouveaux Clients
14861,United Kingdom,False,73,1,125.79,3,1,1,5,Clients Moyens
14862,United Kingdom,False,46,2,841.2,4,3,3,10,Clients Fidèles
14863,United Kingdom,False,50,1,266.76,4,1,2,7,Nouveaux Clients
14865,United Kingdom,False,28,2,52.2,5,3,1,9,Clients Fidèles
14866,United Kingdom,False,31,12,14389.9,5,5,5,15,Champions
14867,United Kingdom,False,206,3,710.28,1,3,3,7,Clients à Risque
14868,United Kingdom,False,24,8,2953.59,5,5,5,15,Champions
14869,United Kingdom,False,29,2,725.7,5,3,3,11,Clients Fidèles
14870,United Kingdom,False,282,1,327.25,1,1,2,4,Clients Perdus
14871,United Kingdom,False,24,4,522.38,5,4,3,12,Clients Fidèles
14873,United Kingdom,False,231,1,519.68,1,1,3,5,Clients Perdus
14875,United Kingdom,False,128,2,1465.32,2,3,4,9,Clients à Risque
14878,United Kingdom,False,33,9,1485.54,5,5,4,14,Champions
14880,United Kingdom,False,98,3,706.19,2,3,3,8,Clients à Risque
14881,United Kingdom,False,40,1,255.4,4,1,2,7,Nouveaux Clients
14882,United Kingdom,False,47,2,589.7,4,3,3,10,Clients Fidèles
14883,United Kingdom,False,39,6,761.59,4,5,3,12,Clients Fidèles
14885,United Kingdom,False,152,1,765.3199999999999,2,1,3,6,Clients Moyens
14886,United Kingdom,False,273,1,364.8,1,1,2,4,Clients Perdus
14887,United Kingdom,True,100,1,1862.0,2,1,4,7,Clients Moyens
14888,United Kingdom,False,228,1,369.2,1,1,2,4,Clients Perdus
14889,United Kingdom,False,357,1,135.9,1,1,1,3,Clients Perdus
14890,United Kingdom,False,274,1,125.65,1,1,1,3,Clients Perdus
14891,United Kingdom,False,169,2,554.38,2,3,3,8,Clients à Risque
14893,United Kingdom,False,30,2,1237.85,5,3,4,12,Clients Fidèles
14894,United Kingdom,False,106,1,655.75,2,1,3,6,Clients Moyens
14895,United Kingdom,False,28,20,11138.71,5,5,5,15,Champions
14896,United Kingdom,False,225,2,468.77,1,3,2,6,Clients à Risque
14897,United Kingdom,False,28,4,1366.38,5,4,4,13,Champions
14898,United Kingdom,False,44,6,1303.52,4,5,4,13,Champions
14901,United Kingdom,False,32,9,1421.29,5,5,4,14,Champions
14902,United Kingdom,False,46,1,332.66,4,1,2,7,Nouveaux Clients
14903,United Kingdom,False,42,5,2810.63,4,4,5,13,Champions
14904,United Kingdom,False,23,2,1025.44,5,3,4,12,Clients Fidèles
14905,United Kingdom,False,178,2,616.15,2,3,3,8,Clients à Risque
14907,United Kingdom,False,24,7,3501.1,5,5,5,15,Champions
14908,United Kingdom,False,95,1,277.8,2,1,2,5,Clients Moyens
14910,United Kingdom,False,23,4,434.35,5,4,2,11,Clients Fidèles
14911,EIRE,False,22,201,143825.06,5,5,5,15,Champions
14912,Italy,False,37,2,867.85,4,3,3,10,Clients Fidèles
14913,United Kingdom,False,56,4,1227.43,3,4,4,11,Clients Fidèles
14915,United Kingdom,False,112,2,307.48,2,3,2,7,Clients à Risque
14916,United Kingdom,False,91,4,1268.98,3,4,4,11,Clients Fidèles
14918,United Kingdom,False,136,2,1610.15,2,3,4,9,Clients à Risque
14920,United Kingdom,False,233,2,977.77,1,3,4,8,Clients à Risque
14921,United Kingdom,False,51,2,1316.07,4,3,4,11,Clients Fidèles
14923,United Kingdom,False,71,1,749.1,3,1,3,7,Clients Moyens
14924,United Kingdom,False,266,1,310.05,1,1,2,4,Clients Perdus
14929,United Kingdom,False,53,1,223.88,4,1,1,6,Nouveaux Clients
14930,Channel Islands,False,129,3,2372.86,2,3,5,10,Clients à Risque
14931,Channel Islands,False,25,5,1257.68,5,4,4,13,Champions
14932,Channel Islands,False,386,1,363.53,1,1,2,4,Clients Perdus
14934,Channel Islands,False,102,2,1890.94,2,3,4,9,Clients à Risque
14935,Channel Islands,True,318,1,1784.71,1,1,4,6,Clients Perdus
14936,Channel Islands,False,54,8,8137.02,3,5,5,13,Clients Fidèles
14937,Channel Islands,False,77,3,1621.88,3,3,4,10,Clients Fidèles
14944,United Kingdom,False,50,12,5900.25,4,5,5,14,Champions
14946,United Kingdom,False,35,1,100.9,4,1,1,6,Nouveaux Clients
14947,United Kingdom,False,93,2,290.82,2,3,2,7,Clients à Risque
14948,United Kingdom,False,44,6,1101.97,4,5,4,13,Champions
14950,United Kingdom,False,40,1,371.2,4,1,2,7,Nouveaux Clients
14951,United Kingdom,False,100,1,311.69,2,1,2,5,Clients Moyens
14952,United Kingdom,False,80,11,8099.49,3,5,5,13,Clients Fidèles
14953,United Kingdom,False,46,1,289.82,4,1,2,7,Nouveaux Clients
14954,United Kingdom,False,33,1,336.17,5,1,2,8,Nouveaux Clients
14957,United Kingdom,False,274,1,58.49,1,1,1,3,Clients Perdus
14958,United Kingdom,False,168,3,499.68,2,3,3,8,Clients à Risque
14959,United Kingdom,False,85,4,695.42,3,4,3,10,Clients Fidèles
14960,United Kingdom,False,29,2,221.27,5,3,1,9,Clients Fidèles
14961,United Kingdom,False,31,9,7044.68,5,5,5,15,Champions
14962,United Kingdom,False,291,1,126.7,1,1,1,3,Clients Perdus
14963,United Kingdom,False,30,5,1487.8,5,4,4,13,Champions
14964,United Kingdom,False,268,1,206.21,1,1,1,3,Clients Perdus
14965,United Kingdom,False,117,2,599.0,2,3,3,8,Clients à Risque
14966,United Kingdom,False,35,1,191.32,4,1,1,6,Nouveaux Clients
14967,United Kingdom,False,70,1,463.8,3,1,2,6,Clients Moyens
14968,United Kingdom,False,51,1,147.59,4,1,1,6,Nouveaux Clients
14970,United Kingdom,False,89,4,1592.06,3,4,4,11,Clients Fidèles
14971,United Kingdom,False,56,3,1116.57,3,3,4,10,Clients Fidèles
14972,United Kingdom,False,149,1,114.77,2,1,1,4,Clients Moyens
14973,United Kingdom,False,128,3,1314.45,2,3,4,9,Clients à Risque
14974,United Kingdom,False,58,1,114.39,3,1,1,5,Clients Moyens
14975,United Kingdom,False,78,1,279.94,3,1,2,6,Clients Moyens
14976,United Kingdom,False,78,7,790.86,3,5,3,11,Clients Fidèles
14978,United Kingdom,False,93,5,1931.42,2,4,4,10,Clients à Risque
14981,United Kingdom,False,267,1,102.12,1,1,1,3,Clients Perdus
14984,United Kingdom,False,40,2,213.27,4,3,1,8,Clients Fidèles
14985,United Kingdom,False,219,2,296.75,1,3,2,6,Clients à Risque
14987,United Kingdom,False,36,2,326.4,4,3,2,9,Clients Fidèles
14988,United Kingdom,False,232,1,334.54,1,1,2,4,Clients Perdus
14995,United Kingdom,False,59,2,233.23,3,3,1,7,Clients Fidèles
14997,United Kingdom,False,67,3,546.1999999999999,3,3,3,9,Clients Fidèles
14998,United Kingdom,False,191,2,429.87,2,3,2,7,Clients à Risque
15000,United Kingdom,False,68,1,490.52,3,1,3,7,Clients Moyens
15002,United Kingdom,False,136,4,1641.76,2,4,4,10,Clients à Risque
15004,United Kingdom,False,168,1,1246.32,2,1,4,7,Clients Moyens
15005,United Kingdom,False,36,28,6316.57,4,5,5,14,Champions
15006,United Kingdom,False,72,1,502.09,3,1,3,7,Clients Moyens
15007,United Kingdom,False,180,1,156.91,2,1,1,4,Clients Moyens
15009,United Kingdom,False,33,3,1261.78,5,3,4,12,Clients Fidèles
15010,United Kingdom,False,56,1,308.94,3,1,2,6,Clients Moyens
15012,United Kingdom,False,74,2,423.04,3,3,2,8,Clients Fidèles
15014,United Kingdom,False,64,2,260.17,3,3,2,8,Clients Fidèles
15016,United Kingdom,False,193,1,170.04,2,1,1,4,Clients Moyens
15017,United Kingdom,False,54,1,125.58,3,1,1,5,Clients Moyens
15018,United Kingdom,False,59,3,496.21,3,3,3,9,Clients Fidèles
15019,United Kingdom,False,287,1,266.0,1,1,2,4,Clients Perdus
15021,United Kingdom,False,29,9,1914.82,5,5,4,14,Champions
15022,United Kingdom,False,32,4,905.04,5,4,3,12,Clients Fidèles
15023,United Kingdom,False,24,11,6802.76,5,5,5,15,Champions
15024,United Kingdom,False,30,10,1661.33,5,5,4,14,Champions
15025,United Kingdom,False,54,1,377.01,3,1,2,6,Clients Moyens
15026,United Kingdom,False,101,3,469.0,2,3,2,7,Clients à Risque
15027,United Kingdom,False,51,4,1066.15,4,4,4,12,Champions
15028,United Kingdom,False,29,4,627.13,5,4,3,12,Clients Fidèles
15030,United Kingdom,False,92,2,518.28,3,3,3,9,Clients Fidèles
15031,United Kingdom,False,25,4,668.14,5,4,3,12,Clients Fidèles
15032,United Kingdom,False,277,3,4959.1,1,3,5,9,Clients à Risque
15033,United Kingdom,False,25,10,2586.67,5,5,5,15,Champions
15034,United Kingdom,False,36,8,4308.61,4,5,5,14,Champions
15035,United Kingdom,False,110,1,252.73,2,1,2,5,Clients Moyens
15036,United Kingdom,False,93,3,465.55,2,3,2,7,Clients à Risque
15038,United Kingdom,False,79,6,705.49,3,5,3,11,Clients Fidèles
15039,United Kingdom,False,30,47,19914.44,5,5,5,15,Champions
15041,United Kingdom,False,191,1,180.35,2,1,1,4,Clients Moyens
15042,United Kingdom,False,220,1,135.93,1,1,1,3,Clients Perdus
15043,United Kingdom,True,52,1,537.0,4,1,3,8,Nouveaux Clients
15044,United Kingdom,False,40,17,7700.23,4,5,5,14,Champions
15045,United Kingdom,False,172,2,735.66,2,3,3,8,Clients à Risque
15046,United Kingdom,False,30,15,5213.77,5,5,5,15,Champions
15047,United Kingdom,False,290,1,343.62,1,1,2,4,Clients Perdus
15048,United Kingdom,False,86,4,384.05,3,4,2,9,Clients Fidèles
15049,United Kingdom,False,294,1,121.17000000000002,1,1,1,3,Clients Perdus
15050,United Kingdom,False,46,3,1782.09,4,3,4,11,Clients Fidèles
15051,United Kingdom,False,44,3,1391.61,4,3,4,11,Clients Fidèles
15052,United Kingdom,False,340,1,215.78,1,1,1,3,Clients Perdus
15053,United Kingdom,False,25,3,697.79,5,3,3,11,Clients Fidèles
15054,United Kingdom,False,33,2,302.1,5,3,2,10,Clients Fidèles
15057,United Kingdom,False,296,2,1489.5,1,3,4,8,Clients à Risque
15058,United Kingdom,False,46,11,2124.99,4,5,5,14,Champions
15059,United Kingdom,False,61,9,1337.72,3,5,4,12,Clients Fidèles
15060,United Kingdom,False,29,4,303.09000000000003,5,4,2,11,Clients Fidèles
15061,United Kingdom,False,24,48,54534.14,5,5,5,15,Champions
15062,United Kingdom,False,92,4,987.86,3,4,4,11,Clients Fidèles
15063,United Kingdom,False,234,1,370.8,1,1,2,4,Clients Perdus
15065,United Kingdom,False,58,4,3158.13,3,4,5,12,Clients Fidèles
15066,United Kingdom,False,74,1,893.59,3,1,3,7,Clients Moyens
15067,United Kingdom,False,99,3,1744.76,2,3,4,9,Clients à Risque
15068,United Kingdom,False,67,2,553.36,3,3,3,9,Clients Fidèles
15069,United Kingdom,False,200,1,1109.53,2,1,4,7,Clients Moyens
15070,United Kingdom,False,393,1,106.2,1,1,1,3,Clients Perdus
15071,United Kingdom,False,114,2,982.07,2,3,4,9,Clients à Risque
15073,United Kingdom,False,30,3,1043.41,5,3,4,12,Clients Fidèles
15074,United Kingdom,False,126,1,748.87,2,1,3,6,Clients Moyens
15075,United Kingdom,False,98,1,773.03,2,1,3,6,Clients Moyens
15076,United Kingdom,False,193,1,880.85,2,1,3,6,Clients Moyens
15078,United Kingdom,False,28,32,9743.11,5,5,5,15,Champions
15079,United Kingdom,False,233,4,895.61,1,4,3,8,Clients à Risque
15081,United Kingdom,False,43,5,504.8,4,4,3,11,Clients Fidèles
15083,United Kingdom,False,277,1,88.2,1,1,1,3,Clients Perdus
15087,United Kingdom,False,302,1,306.94,1,1,2,4,Clients Perdus
15088,United Kingdom,False,42,2,1160.07,4,3,4,11,Clients Fidèles
15089,United Kingdom,False,31,6,2420.84,5,5,5,15,Champions
15090,United Kingdom,False,329,1,381.32,1,1,2,4,Clients Perdus
15091,United Kingdom,False,88,1,480.71,3,1,2,6,Clients Moyens
15092,United Kingdom,False,236,2,457.81,1,3,2,6,Clients à Risque
15093,United Kingdom,False,39,6,4597.02,4,5,5,14,Champions
15095,United Kingdom,False,124,4,1370.6,2,4,4,10,Clients à Risque
15096,United Kingdom,False,63,1,219.39,3,1,1,5,Clients Moyens
15097,United Kingdom,False,25,1,248.08,5,1,1,7,Nouveaux Clients
15098,United Kingdom,True,203,3,39916.5,1,3,5,9,Clients à Risque
15099,United Kingdom,False,105,1,410.48,2,1,2,5,Clients Moyens
15100,United Kingdom,False,354,3,876.0,1,3,3,7,Clients à Risque
15101,United Kingdom,False,29,2,317.53000000000003,5,3,2,10,Clients Fidèles
15103,United Kingdom,False,52,2,703.36,4,3,3,10,Clients Fidèles
15104,United Kingdom,False,217,2,1027.44,1,3,4,8,Clients à Risque
15105,United Kingdom,False,39,7,2298.93,4,5,5,14,Champions
15106,United Kingdom,False,38,5,1422.52,4,4,4,12,Champions
15107,United Kingdom,False,332,6,319.5,1,5,2,8,Clients à Risque
15108,European Community,False,162,4,1300.25,2,4,4,10,Clients à Risque
15109,United Kingdom,False,266,1,484.95,1,1,2,4,Clients Perdus
15110,United Kingdom,False,44,4,996.1,4,4,4,12,Champions
15111,United Kingdom,False,50,3,1567.48,4,3,4,11,Clients Fidèles
15113,United Kingdom,False,30,3,3609.33,5,3,5,13,Clients Fidèles
15114,United Kingdom,False,51,10,2760.56,4,5,5,14,Champions
15115,United Kingdom,False,39,1,340.11,4,1,2,7,Nouveaux Clients
15116,United Kingdom,False,38,4,1352.75,4,4,4,12,Champions
15117,United Kingdom,False,35,5,1551.78,4,4,4,12,Champions
15118,United Kingdom,True,155,1,244.8,2,1,1,4,Clients Moyens
15119,United Kingdom,False,266,1,266.4,1,1,2,4,Clients Perdus
15120,United Kingdom,False,154,1,358.82,2,1,2,5,Clients Moyens
15121,United Kingdom,False,71,2,457.72,3,3,2,8,Clients Fidèles
15122,United Kingdom,False,135,3,1633.78,2,3,4,9,Clients à Risque
15123,United Kingdom,False,28,2,2199.31,5,3,5,13,Clients Fidèles
15124,United Kingdom,False,43,2,184.19,4,3,1,8,Clients Fidèles
15125,United Kingdom,False,46,15,11528.48,4,5,5,14,Champions
15127,United Kingdom,False,86,1,406.53,3,1,2,6,Clients Moyens
15128,United Kingdom,False,81,4,1471.0,3,4,4,11,Clients Fidèles
15129,United Kingdom,False,71,11,3447.4,3,5,5,13,Clients Fidèles
15130,United Kingdom,False,190,1,330.11,2,1,2,5,Clients Moyens
15132,United Kingdom,False,39,5,977.93,4,4,4,12,Champions
15133,United Kingdom,False,148,3,982.42,2,3,4,9,Clients à Risque
15134,United Kingdom,False,35,8,1387.99,4,5,4,13,Champions
15135,United Kingdom,False,260,1,139.05,1,1,1,3,Clients Perdus
15136,United Kingdom,False,23,4,1286.7,5,4,4,13,Champions
15139,United Kingdom,False,260,2,178.96,1,3,1,5,Clients à Risque
15140,United Kingdom,False,73,7,2354.25,3,5,5,13,Clients Fidèles
15142,United Kingdom,False,67,1,498.74,3,1,3,7,Clients Moyens
15143,United Kingdom,False,246,1,259.45,1,1,2,4,Clients Perdus
15144,United Kingdom,False,29,17,6580.4400000000005,5,5,5,15,Champions
15145,United Kingdom,False,25,4,1194.73,5,4,4,13,Champions
15146,United Kingdom,False,185,2,1327.16,2,3,4,9,Clients à Risque
15147,United Kingdom,False,261,1,623.5,1,1,3,5,Clients Perdus
15148,United Kingdom,False,31,1,301.29,5,1,2,8,Nouveaux Clients
15149,United Kingdom,False,154,1,520.8000000000001,2,1,3,6,Clients Moyens
15150,United Kingdom,False,38,10,5314.47,4,5,5,14,Champions
15152,United Kingdom,False,30,13,4745.69,5,5,5,15,Champions
15153,United Kingdom,False,52,1,329.25,4,1,2,7,Nouveaux Clients
15154,United Kingdom,False,96,1,296.42,2,1,2,5,Clients Moyens
15156,United Kingdom,False,22,3,961.49,5,3,4,12,Clients Fidèles
15157,United Kingdom,False,24,3,1936.07,5,3,4,12,Clients Fidèles
15158,United Kingdom,False,66,1,401.4,3,1,2,6,Clients Moyens
15159,United Kingdom,False,22,30,18641.01,5,5,5,15,Champions
15160,United Kingdom,False,378,1,158.16,1,1,1,3,Clients Perdus
15163,United Kingdom,False,39,2,304.47,4,3,2,9,Clients Fidèles
15164,United Kingdom,False,89,3,843.05,3,3,3,9,Clients Fidèles
15165,United Kingdom,False,394,1,487.75,1,1,2,4,Clients Perdus
15167,United Kingdom,False,341,1,163.0,1,1,1,3,Clients Perdus
15168,United Kingdom,False,46,1,106.56,4,1,1,6,Nouveaux Clients
15171,United Kingdom,True,352,1,1289.5,1,1,4,6,Clients Perdus
15172,United Kingdom,False,29,5,1624.05,5,4,4,13,Champions
15174,United Kingdom,False,343,1,135.75,1,1,1,3,Clients Perdus
15175,United Kingdom,False,92,1,224.14,3,1,1,5,Clients Moyens
15178,United Kingdom,False,281,1,40.5,1,1,1,3,Clients Perdus
15179,United Kingdom,False,39,5,2206.9500000000003,4,4,5,13,Champions
15180,United Kingdom,False,388,1,87.5,1,1,1,3,Clients Perdus
15181,United Kingdom,False,87,3,689.48,3,3,3,9,Clients Fidèles
15182,United Kingdom,False,175,2,622.85,2,3,3,8,Clients à Risque
15184,United Kingdom,False,50,2,406.76,4,3,2,9,Clients Fidèles
15185,United Kingdom,False,91,1,310.62,3,1,2,6,Clients Moyens
15186,United Kingdom,False,35,2,411.41,4,3,2,9,Clients Fidèles
15187,United Kingdom,False,22,16,4777.18,5,5,5,15,Champions
15189,United Kingdom,False,22,41,16225.39,5,5,5,15,Champions
15192,United Kingdom,False,140,3,1044.32,2,3,4,9,Clients à Risque
15193,United Kingdom,False,81,1,499.32,3,1,3,7,Clients Moyens
15194,United Kingdom,False,24,15,7616.53,5,5,5,15,Champions
15195,United Kingdom,True,23,1,3861.0,5,1,5,11,Nouveaux Clients
15197,United Kingdom,False,31,3,1079.61,5,3,4,12,Clients Fidèles
15198,United Kingdom,False,113,2,193.64,2,3,1,6,Clients à Risque
15199,United Kingdom,False,80,4,1268.7,3,4,4,11,Clients Fidèles
15201,United Kingdom,False,108,5,1236.54,2,4,4,10,Clients à Risque
15203,United Kingdom,False,46,6,1827.8,4,5,4,13,Champions
15204,United Kingdom,False,378,1,316.58,1,1,2,4,Clients Perdus
15205,United Kingdom,False,106,2,653.24,2,3,3,8,Clients à Risque
15206,United Kingdom,False,31,4,420.3,5,4,2,11,Clients Fidèles
15208,United Kingdom,False,22,5,870.12,5,4,3,12,Clients Fidèles
15210,United Kingdom,False,246,1,331.18,1,1,2,4,Clients Perdus
15211,United Kingdom,False,81,2,894.4100000000001,3,3,3,9,Clients Fidèles
15212,United Kingdom,False,262,1,101.8,1,1,1,3,Clients Perdus
15213,United Kingdom,False,339,2,328.35,1,3,2,6,Clients à Risque
15214,United Kingdom,False,22,8,1661.44,5,5,4,14,Champions
15215,United Kingdom,False,67,3,734.94,3,3,3,9,Clients Fidèles
15216,United Kingdom,False,108,1,96.6,2,1,1,4,Clients Moyens
15218,United Kingdom,False,31,11,5756.89,5,5,5,15,Champions
15219,United Kingdom,False,197,1,305.75,2,1,2,5,Clients Moyens
15220,United Kingdom,False,72,6,1778.96,3,5,4,12,Clients Fidèles
15221,United Kingdom,False,387,1,403.25,1,1,2,4,Clients Perdus
15222,United Kingdom,True,339,1,585.0,1,1,3,5,Clients Perdus
15223,United Kingdom,False,246,2,755.75,1,3,3,7,Clients à Risque
15224,United Kingdom,False,379,2,322.08,1,3,2,6,Clients à Risque
15225,United Kingdom,False,255,1,409.4,1,1,2,4,Clients Perdus
15226,United Kingdom,False,331,1,154.41,1,1,1,3,Clients Perdus
15227,United Kingdom,False,57,5,1219.4,3,4,4,11,Clients Fidèles
15228,United Kingdom,False,87,4,3386.71,3,4,5,12,Clients Fidèles
15230,United Kingdom,False,260,2,429.6,1,3,2,6,Clients à Risque
15232,United Kingdom,False,134,2,612.06,2,3,3,8,Clients à Risque
15234,United Kingdom,False,297,1,197.0,1,1,1,3,Clients Perdus
15235,United Kingdom,False,238,12,2247.51,1,5,5,11,Clients à Risque
15236,United Kingdom,False,319,1,321.05,1,1,2,4,Clients Perdus
15237,United Kingdom,False,22,4,1412.32,5,4,4,13,Champions
15238,United Kingdom,False,50,3,1071.99,4,3,4,11,Clients Fidèles
15239,United Kingdom,False,31,2,780.59,5,3,3,11,Clients Fidèles
15240,United Kingdom,False,65,5,1706.57,3,4,4,11,Clients Fidèles
15241,United Kingdom,False,87,8,1756.44,3,5,4,12,Clients Fidèles
15243,United Kingdom,False,95,1,316.68,2,1,2,5,Clients Moyens
15244,United Kingdom,False,86,2,631.57,3,3,3,9,Clients Fidèles
15245,United Kingdom,False,155,3,2515.84,2,3,5,10,Clients à Risque
15246,United Kingdom,False,259,2,514.15,1,3,3,7,Clients à Risque
15247,United Kingdom,False,143,1,356.0,2,1,2,5,Clients Moyens
15249,United Kingdom,False,52,13,6688.46,4,5,5,14,Champions
15251,United Kingdom,False,30,11,10484.99,5,5,5,15,Champions
15252,United Kingdom,False,57,2,740.78,3,3,3,9,Clients Fidèles
15253,United Kingdom,False,37,5,918.2,4,4,3,11,Clients Fidèles
15254,United Kingdom,False,148,1,300.36,2,1,2,5,Clients Moyens
15255,United Kingdom,False,87,1,890.85,3,1,3,7,Clients Moyens
15256,United Kingdom,False,169,1,98.45,2,1,1,4,Clients Moyens
15257,United Kingdom,False,304,1,317.15,1,1,2,4,Clients Perdus
15258,United Kingdom,False,189,2,623.16,2,3,3,8,Clients à Risque
15260,United Kingdom,False,121,7,1810.77,2,5,4,11,Clients à Risque
15261,United Kingdom,False,156,1,254.82,2,1,2,5,Clients Moyens
15262,United Kingdom,False,344,1,178.95000000000002,1,1,1,3,Clients Perdus
15263,United Kingdom,False,127,1,156.51,2,1,1,4,Clients Moyens
15264,United Kingdom,False,85,1,393.74,3,1,2,6,Clients Moyens
15265,United Kingdom,False,172,2,1506.12,2,3,4,9,Clients à Risque
15266,United Kingdom,False,359,1,119.3,1,1,1,3,Clients Perdus
15267,United Kingdom,True,43,5,1717.36,4,4,4,12,Champions
15269,United Kingdom,False,44,1,408.8,4,1,2,7,Nouveaux Clients
15270,United Kingdom,False,36,7,2379.49,4,5,5,14,Champions
15271,United Kingdom,False,28,15,2507.07,5,5,5,15,Champions
15272,United Kingdom,False,78,2,721.94,3,3,3,9,Clients Fidèles
15274,United Kingdom,False,25,2,716.57,5,3,3,11,Clients Fidèles
15275,United Kingdom,False,58,1,615.14,3,1,3,7,Clients Moyens
15276,United Kingdom,False,87,1,135.31,3,1,1,5,Clients Moyens
15277,United Kingdom,False,67,1,255.9,3,1,2,6,Clients Moyens
15279,United Kingdom,False,375,1,290.51,1,1,2,4,Clients Perdus
15280,United Kingdom,False,193,1,113.12,2,1,1,4,Clients Moyens
15281,United Kingdom,False,79,9,2332.15,3,5,5,13,Clients Fidèles
15286,United Kingdom,False,70,1,240.55,3,1,1,5,Clients Moyens
15287,United Kingdom,False,43,2,486.69,4,3,2,9,Clients Fidèles
15288,United Kingdom,False,64,5,2306.52,3,4,5,12,Clients Fidèles
15289,United Kingdom,False,50,3,939.78,4,3,3,10,Clients Fidèles
15290,United Kingdom,False,25,18,7943.22,5,5,5,15,Champions
15291,United Kingdom,False,46,15,4668.3,4,5,5,14,Champions
15292,United Kingdom,False,222,1,180.94,1,1,1,3,Clients Perdus
15296,United Kingdom,False,71,6,3672.86,3,5,5,13,Clients Fidèles
15297,United Kingdom,False,31,3,641.94,5,3,3,11,Clients Fidèles
15298,United Kingdom,False,23,12,4799.9,5,5,5,15,Champions
15299,United Kingdom,True,88,7,4507.01,3,5,5,13,Clients Fidèles
15300,United Kingdom,False,85,1,496.44,3,1,3,7,Clients Moyens
15301,United Kingdom,False,71,12,5070.35,3,5,5,13,Clients Fidèles
15303,United Kingdom,False,311,1,574.02,1,1,3,5,Clients Perdus
15304,United Kingdom,False,81,8,694.4,3,5,3,11,Clients Fidèles
15306,United Kingdom,False,85,3,1174.35,3,3,4,10,Clients Fidèles
15307,United Kingdom,False,116,1,205.3,2,1,1,4,Clients Moyens
15308,United Kingdom,False,295,1,310.47,1,1,2,4,Clients Perdus
15311,United Kingdom,False,21,91,60767.9,5,5,5,15,Champions
15312,United Kingdom,False,96,4,924.85,2,4,3,9,Clients à Risque
15313,United Kingdom,False,131,1,52.0,2,1,1,4,Clients Moyens
15314,United Kingdom,False,220,1,327.97,1,1,2,4,Clients Perdus
15315,United Kingdom,False,85,2,570.5,3,3,3,9,Clients Fidèles
15316,United Kingdom,True,347,1,165.0,1,1,1,3,Clients Perdus
15318,United Kingdom,False,24,1,312.62,5,1,2,8,Nouveaux Clients
15319,United Kingdom,False,304,1,204.5,1,1,1,3,Clients Perdus
15320,United Kingdom,False,65,1,267.13,3,1,2,6,Clients Moyens
15321,United Kingdom,False,91,3,2748.31,3,3,5,11,Clients Fidèles
15322,United Kingdom,False,106,1,679.68,2,1,3,6,Clients Moyens
15325,United Kingdom,False,124,1,162.29,2,1,1,4,Clients Moyens
15326,United Kingdom,False,354,1,311.71,1,1,2,4,Clients Perdus
15327,United Kingdom,False,73,1,208.75,3,1,1,5,Clients Moyens
15329,United Kingdom,False,60,3,1049.7,3,3,4,10,Clients Fidèles
15330,United Kingdom,False,53,2,714.9599999999999,4,3,3,10,Clients Fidèles
15332,Lithuania,False,387,4,1661.06,1,4,4,9,Clients à Risque
15333,United Kingdom,False,229,1,1028.56,1,1,4,6,Clients Perdus
15334,United Kingdom,False,177,3,351.67,2,3,2,7,Clients à Risque
15335,United Kingdom,False,74,1,173.97,3,1,1,5,Clients Moyens
15339,United Kingdom,False,87,2,574.07,3,3,3,9,Clients Fidèles
15341,United Kingdom,False,101,1,2020.52,2,1,4,7,Clients Moyens
15342,United Kingdom,False,150,1,406.09,2,1,2,5,Clients Moyens
15343,United Kingdom,False,108,1,364.5,2,1,2,5,Clients Moyens
15344,United Kingdom,False,21,3,563.94,5,3,3,11,Clients Fidèles
15345,United Kingdom,False,66,1,393.54,3,1,2,6,Clients Moyens
15346,United Kingdom,False,353,1,252.42,1,1,2,4,Clients Perdus
15347,United Kingdom,False,387,1,201.6,1,1,1,3,Clients Perdus
15348,United Kingdom,False,93,1,158.04,2,1,1,4,Clients Moyens
15349,United Kingdom,False,179,2,473.81,2,3,2,7,Clients à Risque
15350,United Kingdom,False,394,1,115.65,1,1,1,3,Clients Perdus
15351,United Kingdom,False,33,7,1960.11,5,5,4,14,Champions
15353,United Kingdom,False,275,2,777.02,1,3,3,7,Clients à Risque
15355,United Kingdom,False,50,2,277.05,4,3,2,9,Clients Fidèles
15356,United Kingdom,False,52,10,2766.5,4,5,5,14,Champions
15358,United Kingdom,False,25,22,8347.2,5,5,5,15,Champions
15360,United Kingdom,False,60,1,427.93,3,1,2,6,Clients Moyens
15361,United Kingdom,False,382,1,418.92,1,1,2,4,Clients Perdus
15363,United Kingdom,False,393,1,326.0,1,1,2,4,Clients Perdus
15364,United Kingdom,False,116,2,913.19,2,3,3,8,Clients à Risque
15365,United Kingdom,False,46,7,2314.32,4,5,5,14,Champions
15366,United Kingdom,False,96,2,602.51,2,3,3,8,Clients à Risque
15367,United Kingdom,False,78,4,1877.59,3,4,4,11,Clients Fidèles
15368,United Kingdom,False,42,1,446.94000000000005,4,1,2,7,Nouveaux Clients
15370,United Kingdom,False,61,7,2386.05,3,5,5,13,Clients Fidèles
15372,United Kingdom,True,158,1,2007.4,2,1,4,7,Clients Moyens
15373,United Kingdom,False,29,12,2415.91,5,5,5,15,Champions
15374,United Kingdom,False,149,1,168.0,2,1,1,4,Clients Moyens
15376,United Kingdom,False,61,3,1233.36,3,3,4,10,Clients Fidèles
15379,United Kingdom,False,190,7,3703.29,2,5,5,12,Clients à Risque
15380,United Kingdom,False,29,5,1690.26,5,4,4,13,Champions
15381,United Kingdom,False,234,2,596.85,1,3,3,7,Clients à Risque
15382,United Kingdom,False,35,6,5955.71,4,5,5,14,Champions
15384,United Kingdom,False,190,2,642.41,2,3,3,8,Clients à Risque
15385,United Kingdom,False,61,1,316.88,3,1,2,6,Clients Moyens
15386,United Kingdom,False,207,1,394.14,1,1,2,4,Clients Perdus
15388,Canada,False,291,1,140.54,1,1,1,3,Clients Perdus
15389,United Kingdom,True,193,1,500.0,2,1,3,6,Clients Moyens
15392,United Kingdom,False,25,4,1535.53,5,4,4,13,Champions
15393,United Kingdom,False,37,2,231.86,4,3,1,8,Clients Fidèles
15394,United Kingdom,False,30,4,2183.54,5,4,5,14,Champions
15395,United Kingdom,False,346,1,107.45,1,1,1,3,Clients Perdus
15396,United Kingdom,False,133,1,288.18,2,1,2,5,Clients Moyens
15397,United Kingdom,False,310,1,94.0,1,1,1,3,Clients Perdus
15398,United Kingdom,False,37,2,1345.53,4,3,4,11,Clients Fidèles
15399,United Kingdom,False,22,3,815.77,5,3,3,11,Clients Fidèles
15400,United Kingdom,False,113,5,716.2,2,4,3,9,Clients à Risque
15402,United Kingdom,False,169,2,626.77,2,3,3,8,Clients à Risque
15405,United Kingdom,False,210,1,349.1,1,1,2,4,Clients Perdus
15406,United Kingdom,False,52,2,510.71,4,3,3,10,Clients Fidèles
15407,United Kingdom,False,54,4,1056.44,3,4,4,11,Clients Fidèles
15408,United Kingdom,False,285,1,267.18,1,1,2,4,Clients Perdus
15410,United Kingdom,False,105,8,3450.84,2,5,5,12,Clients à Risque
15411,United Kingdom,False,47,4,1358.88,4,4,4,12,Champions
15412,United Kingdom,False,192,1,190.53,2,1,1,4,Clients Moyens
15414,United Kingdom,False,30,3,774.9000000000001,5,3,3,11,Clients Fidèles
15415,United Kingdom,False,334,1,572.8100000000001,1,1,3,5,Clients Perdus
15416,United Kingdom,False,85,4,3984.32,3,4,5,12,Clients Fidèles
15417,United Kingdom,False,106,1,508.8,2,1,3,6,Clients Moyens
15419,United Kingdom,False,45,1,135.86,4,1,1,6,Nouveaux Clients
15421,United Kingdom,False,79,4,950.36,3,4,4,11,Clients Fidèles
15422,United Kingdom,False,344,2,97.7,1,3,1,5,Clients à Risque
15423,United Kingdom,True,59,1,43.5,3,1,1,5,Clients Moyens
15424,United Kingdom,False,275,2,383.34,1,3,2,6,Clients à Risque
15426,United Kingdom,False,40,5,1447.39,4,4,4,12,Champions
15427,United Kingdom,False,54,3,1483.14,3,3,4,10,Clients Fidèles
15428,United Kingdom,False,36,1,93.78,4,1,1,6,Nouveaux Clients
15429,United Kingdom,False,47,2,397.35,4,3,2,9,Clients Fidèles
15432,United Kingdom,False,44,1,171.19000000000003,4,1,1,6,Nouveaux Clients
15433,United Kingdom,False,234,2,533.3,1,3,3,7,Clients à Risque
15434,United Kingdom,False,29,5,1041.48,5,4,4,13,Champions
15435,United Kingdom,False,43,1,149.29,4,1,1,6,Nouveaux Clients
15436,United Kingdom,False,33,3,1122.53,5,3,4,12,Clients Fidèles
15437,United Kingdom,False,283,1,200.16,1,1,1,3,Clients Perdus
15438,United Kingdom,False,152,1,156.57999999999998,2,1,1,4,Clients Moyens
15440,United Kingdom,False,75,3,383.68,3,3,2,8,Clients Fidèles
15442,United Kingdom,True,269,1,594.0,1,1,3,5,Clients Perdus
15443,United Kingdom,False,22,7,3236.91,5,5,5,15,Champions
15444,United Kingdom,False,30,2,1418.26,5,3,4,12,Clients Fidèles
15445,United Kingdom,False,285,1,113.5,1,1,1,3,Clients Perdus
15447,United Kingdom,False,351,1,155.17000000000002,1,1,1,3,Clients Perdus
15448,United Kingdom,False,333,1,494.64,1,1,3,5,Clients Perdus
15449,United Kingdom,False,47,3,974.52,4,3,4,11,Clients Fidèles
15450,United Kingdom,False,51,1,429.84,4,1,2,7,Nouveaux Clients
15452,United Kingdom,False,50,3,538.73,4,3,3,10,Clients Fidèles
15453,United Kingdom,False,22,7,1388.37,5,5,4,14,Champions
15454,United Kingdom,False,383,1,179.1,1,1,1,3,Clients Perdus
15456,United Kingdom,False,304,3,447.22,1,3,2,6,Clients à Risque
15457,United Kingdom,False,283,1,237.07,1,1,1,3,Clients Perdus
15458,United Kingdom,False,46,1,161.64,4,1,1,6,Nouveaux Clients
15460,United Kingdom,False,375,1,216.76,1,1,1,3,Clients Perdus
15462,United Kingdom,False,115,3,234.6,2,3,1,6,Clients à Risque
15463,United Kingdom,False,50,1,126.14,4,1,1,6,Nouveaux Clients
15464,United Kingdom,False,359,1,1048.85,1,1,4,6,Clients Perdus
15465,United Kingdom,False,40,18,7354.62,4,5,5,14,Champions
15466,United Kingdom,False,106,1,334.53,2,1,2,5,Clients Moyens
15467,United Kingdom,False,30,3,524.88,5,3,3,11,Clients Fidèles
15468,United Kingdom,False,72,2,467.51,3,3,2,8,Clients Fidèles
15469,United Kingdom,False,71,2,538.55,3,3,3,9,Clients Fidèles
15471,United Kingdom,False,23,1,469.48,5,1,2,8,Nouveaux Clients
15472,United Kingdom,False,134,1,371.56,2,1,2,5,Clients Moyens
15473,United Kingdom,False,35,7,1771.2,4,5,4,13,Champions
15475,United Kingdom,False,98,1,454.11,2,1,2,5,Clients Moyens
15478,United Kingdom,False,61,2,1441.42,3,3,4,10,Clients Fidèles
15480,Malta,False,137,1,905.5,2,1,3,6,Clients Moyens
15482,United Kingdom,False,36,12,11054.96,4,5,5,14,Champions
15483,United Kingdom,False,182,4,233.81,2,4,1,7,Clients à Risque
15484,United Kingdom,False,22,4,3594.31,5,4,5,14,Champions
15485,United Kingdom,False,51,3,2575.0,4,3,5,12,Clients Fidèles
15488,United Kingdom,False,113,1,91.32,2,1,1,4,Clients Moyens
15489,United Kingdom,False,43,3,1134.28,4,3,4,11,Clients Fidèles
15491,United Kingdom,False,116,6,3100.09,2,5,5,12,Clients à Risque
15492,United Kingdom,False,49,2,659.46,4,3,3,10,Clients Fidèles
15493,United Kingdom,False,53,5,2001.8,4,4,4,12,Champions
15494,United Kingdom,False,42,2,1299.23,4,3,4,11,Clients Fidèles
15497,United Kingdom,False,38,2,1262.2,4,3,4,11,Clients Fidèles
15498,United Kingdom,False,23,27,13316.4,5,5,5,15,Champions
15500,United Kingdom,False,29,4,1131.56,5,4,4,13,Champions
15502,United Kingdom,False,36,12,10384.93,4,5,5,14,Champions
15503,United Kingdom,False,383,1,147.09,1,1,1,3,Clients Perdus
15504,United Kingdom,False,102,1,52.83,2,1,1,4,Clients Moyens
15505,United Kingdom,False,73,5,3610.96,3,4,5,12,Clients Fidèles
15506,United Kingdom,False,43,3,979.26,4,3,4,11,Clients Fidèles
15507,United Kingdom,False,192,1,492.36,2,1,3,6,Clients Moyens
15508,United Kingdom,False,210,6,1000.27,1,5,4,10,Clients à Risque
15510,United Kingdom,False,351,1,250.0,1,1,1,3,Clients Perdus
15511,United Kingdom,False,32,5,909.23,5,4,3,12,Clients Fidèles
15512,United Kingdom,False,176,2,121.0,2,3,1,6,Clients à Risque
15513,United Kingdom,False,54,19,14758.22,3,5,5,13,Clients Fidèles
15514,United Kingdom,False,33,11,4139.46,5,5,5,15,Champions
15516,United Kingdom,False,65,3,62.43,3,3,1,7,Clients Fidèles
15517,United Kingdom,False,254,1,267.03,1,1,2,4,Clients Perdus
15518,United Kingdom,False,85,8,1942.45,3,5,4,12,Clients Fidèles
15520,United Kingdom,False,22,1,343.5,5,1,2,8,Nouveaux Clients
15521,United Kingdom,False,61,8,3000.2,3,5,5,13,Clients Fidèles
15522,United Kingdom,False,53,2,398.84,4,3,2,9,Clients Fidèles
15523,United Kingdom,False,105,1,412.0100000000001,2,1,2,5,Clients Moyens
15524,United Kingdom,False,45,1,440.0,4,1,2,7,Nouveaux Clients
15525,United Kingdom,False,23,3,825.92,5,3,3,11,Clients Fidèles
15526,United Kingdom,False,54,2,148.44,3,3,1,7,Clients Fidèles
15527,United Kingdom,False,39,8,2429.78,4,5,5,14,Champions
15528,United Kingdom,False,275,1,229.33,1,1,1,3,Clients Perdus
15529,United Kingdom,False,43,11,3995.23,4,5,5,14,Champions
15530,United Kingdom,False,42,4,1502.35,4,4,4,12,Champions
15531,United Kingdom,False,29,2,2007.44,5,3,4,12,Clients Fidèles
15532,United Kingdom,False,46,4,1580.93,4,4,4,12,Champions
15533,United Kingdom,False,40,3,807.57,4,3,3,10,Clients Fidèles
15535,United Kingdom,False,194,4,536.4,2,4,3,9,Clients à Risque
15537,United Kingdom,False,184,1,110.92,2,1,1,4,Clients Moyens
15539,United Kingdom,False,28,1,538.46,5,1,3,9,Nouveaux Clients
15540,United Kingdom,False,32,1,213.3,5,1,1,7,Nouveaux Clients
15541,United Kingdom,False,135,1,85.13000000000001,2,1,1,4,Clients Moyens
15543,United Kingdom,False,309,1,127.86,1,1,1,3,Clients Perdus
15544,United Kingdom,False,30,9,3546.71,5,5,5,15,Champions
15545,United Kingdom,False,75,2,292.72,3,3,2,8,Clients Fidèles
15547,United Kingdom,False,28,14,4954.84,5,5,5,15,Champions
15549,United Kingdom,False,98,3,1693.26,2,3,4,9,Clients à Risque
15550,United Kingdom,False,25,4,575.63,5,4,3,12,Clients Fidèles
15551,United Kingdom,False,57,1,436.06,3,1,2,6,Clients Moyens
15552,United Kingdom,False,238,1,90.12,1,1,1,3,Clients Perdus
15553,United Kingdom,False,81,1,437.23,3,1,2,6,Clients Moyens
15554,United Kingdom,False,298,1,217.2,1,1,1,3,Clients Perdus
15555,United Kingdom,False,33,16,4805.17,5,5,5,15,Champions
15556,United Kingdom,False,45,1,279.77,4,1,2,7,Nouveaux Clients
15557,United Kingdom,False,49,1,473.65,4,1,2,7,Nouveaux Clients
15561,United Kingdom,False,32,4,800.5899999999999,5,4,3,12,Clients Fidèles
15562,United Kingdom,False,372,1,134.55,1,1,1,3,Clients Perdus
15563,United Kingdom,False,43,4,1400.44,4,4,4,12,Champions
15565,United Kingdom,False,71,2,173.16000000000005,3,3,1,7,Clients Fidèles
15567,United Kingdom,False,39,1,186.01,4,1,1,6,Nouveaux Clients
15568,United Kingdom,False,23,3,758.29,5,3,3,11,Clients Fidèles
15569,United Kingdom,False,124,5,1375.71,2,4,4,10,Clients à Risque
15570,United Kingdom,False,28,12,4165.52,5,5,5,15,Champions
15571,United Kingdom,False,32,4,650.4300000000001,5,4,3,12,Clients Fidèles
15572,United Kingdom,False,25,7,2552.86,5,5,5,15,Champions
15573,United Kingdom,False,52,2,607.45,4,3,3,10,Clients Fidèles
15574,United Kingdom,False,198,4,702.25,2,4,3,9,Clients à Risque
15576,United Kingdom,False,58,1,940.67,3,1,3,7,Clients Moyens
15577,United Kingdom,False,172,3,258.88,2,3,2,7,Clients à Risque
15578,United Kingdom,False,183,1,127.1,2,1,1,4,Clients Moyens
15579,United Kingdom,False,89,2,348.6,3,3,2,8,Clients Fidèles
15581,United Kingdom,False,141,13,3679.97,2,5,5,12,Clients à Risque
15582,United Kingdom,False,45,3,682.9100000000001,4,3,3,10,Clients Fidèles
15584,United Kingdom,False,44,4,725.11,4,4,3,11,Clients Fidèles
15585,United Kingdom,False,197,1,455.3,2,1,2,5,Clients Moyens
15587,United Kingdom,False,71,4,913.68,3,4,3,10,Clients Fidèles
15589,United Kingdom,False,276,3,478.53,1,3,2,6,Clients à Risque
15592,United Kingdom,False,67,1,388.58,3,1,2,6,Clients Moyens
15593,United Kingdom,False,91,1,199.8,3,1,1,5,Clients Moyens
15594,United Kingdom,False,36,5,1771.78,4,4,4,12,Champions
15596,United Kingdom,False,121,5,1406.59,2,4,4,10,Clients à Risque
15597,United Kingdom,False,56,1,324.57,3,1,2,6,Clients Moyens
15598,United Kingdom,False,74,1,240.68,3,1,1,5,Clients Moyens
15599,United Kingdom,False,47,2,761.74,4,3,3,10,Clients Fidèles
15601,United Kingdom,False,32,14,6776.56,5,5,5,15,Champions
15602,United Kingdom,False,29,9,1297.87,5,5,4,14,Champions
15603,United Kingdom,False,99,1,48.48,2,1,1,4,Clients Moyens
15604,United Kingdom,False,73,1,216.39,3,1,1,5,Clients Moyens
15605,United Kingdom,False,57,5,1198.23,3,4,4,11,Clients Fidèles
15606,United Kingdom,False,82,9,2920.16,3,5,5,13,Clients Fidèles
15607,United Kingdom,False,357,1,104.76,1,1,1,3,Clients Perdus
15608,United Kingdom,False,49,4,1093.68,4,4,4,12,Champions
15609,United Kingdom,False,205,1,298.48,1,1,2,4,Clients Perdus
15610,United Kingdom,False,72,1,112.46,3,1,1,5,Clients Moyens
15611,United Kingdom,False,30,13,1591.45,5,5,4,14,Champions
15612,United Kingdom,False,57,2,195.15,3,3,1,7,Clients Fidèles
15615,United Kingdom,False,31,23,10399.74,5,5,5,15,Champions
15618,United Kingdom,False,53,4,776.851,4,4,3,11,Clients Fidèles
15619,United Kingdom,False,31,1,336.4,5,1,2,8,Nouveaux Clients
15620,United Kingdom,False,77,3,1553.18,3,3,4,10,Clients Fidèles
15621,United Kingdom,False,25,4,1293.03,5,4,4,13,Champions
15622,United Kingdom,False,64,9,3709.56,3,5,5,13,Clients Fidèles
15623,United Kingdom,False,162,1,301.03000000000003,2,1,2,5,Clients Moyens
15624,United Kingdom,False,137,4,588.13,2,4,3,9,Clients à Risque
15625,United Kingdom,False,124,4,1534.26,2,4,4,10,Clients à Risque
15626,United Kingdom,False,95,2,675.8,2,3,3,8,Clients à Risque
15628,United Kingdom,False,25,9,2870.24,5,5,5,15,Champions
15630,United Kingdom,False,66,2,1186.35,3,3,4,10,Clients Fidèles
15632,United Kingdom,False,36,8,3285.31,4,5,5,14,Champions
15634,United Kingdom,False,38,1,243.55,4,1,1,6,Nouveaux Clients
15636,United Kingdom,False,110,2,724.76,2,3,3,8,Clients à Risque
15637,United Kingdom,False,73,1,223.36,3,1,1,5,Clients Moyens
15639,United Kingdom,False,155,1,425.32,2,1,2,5,Clients Moyens
15640,United Kingdom,False,25,15,12515.66,5,5,5,15,Champions
15641,United Kingdom,False,126,4,1887.2,2,4,4,10,Clients à Risque
15643,United Kingdom,False,212,3,664.0,1,3,3,7,Clients à Risque
15644,United Kingdom,False,187,4,813.0,2,4,3,9,Clients à Risque
15645,United Kingdom,False,39,1,612.01,4,1,3,8,Nouveaux Clients
15646,United Kingdom,False,178,3,447.64,2,3,2,7,Clients à Risque
15648,United Kingdom,False,225,2,657.35,1,3,3,7,Clients à Risque
15649,United Kingdom,True,357,2,816.0,1,3,3,7,Clients à Risque
15651,United Kingdom,False,57,3,646.3,3,3,3,9,Clients Fidèles
15652,United Kingdom,False,112,1,337.74,2,1,2,5,Clients Moyens
15653,United Kingdom,False,113,2,877.44,2,3,3,8,Clients à Risque
15654,United Kingdom,False,30,2,922.53,5,3,3,11,Clients Fidèles
15655,United Kingdom,False,264,1,560.6700000000001,1,1,3,5,Clients Perdus
15656,United Kingdom,False,66,4,748.5,3,4,3,10,Clients Fidèles
15657,United Kingdom,False,43,1,30.0,4,1,1,6,Nouveaux Clients
15658,United Kingdom,False,211,5,1024.1,1,4,4,9,Clients à Risque
15659,United Kingdom,False,64,1,306.45,3,1,2,6,Clients Moyens
15660,United Kingdom,False,46,9,1600.86,4,5,4,13,Champions
15661,United Kingdom,False,338,2,309.8,1,3,2,6,Clients à Risque
15663,United Kingdom,False,127,1,138.14,2,1,1,4,Clients Moyens
15664,United Kingdom,False,71,1,386.43,3,1,2,6,Clients Moyens
15665,United Kingdom,False,189,2,2242.01,2,3,5,10,Clients à Risque
15667,United Kingdom,False,60,1,301.32000000000005,3,1,2,6,Clients Moyens
15668,United Kingdom,True,238,1,76.32000000000001,1,1,1,3,Clients Perdus
15669,United Kingdom,False,61,4,684.34,3,4,3,10,Clients Fidèles
15670,United Kingdom,False,317,1,173.05,1,1,1,3,Clients Perdus
15671,United Kingdom,False,39,7,2657.13,4,5,5,14,Champions
15673,United Kingdom,False,109,4,2881.02,2,4,5,11,Clients à Risque
15674,United Kingdom,False,94,5,2446.6,2,4,5,11,Clients à Risque
15675,United Kingdom,False,102,3,323.69,2,3,2,7,Clients à Risque
15676,United Kingdom,False,39,3,3435.76,4,3,5,12,Clients Fidèles
15677,United Kingdom,False,70,1,657.23,3,1,3,7,Clients Moyens
15678,United Kingdom,False,73,1,352.7,3,1,2,6,Clients Moyens
15679,United Kingdom,False,45,4,781.28,4,4,3,11,Clients Fidèles
15680,United Kingdom,False,30,3,1333.68,5,3,4,12,Clients Fidèles
15681,United Kingdom,False,46,5,1426.16,4,4,4,12,Champions
15683,United Kingdom,False,138,1,193.75,2,1,1,4,Clients Moyens
15687,United Kingdom,False,29,9,2993.1,5,5,5,15,Champions
15689,United Kingdom,False,140,2,254.1,2,3,2,7,Clients à Risque
15690,United Kingdom,False,25,2,239.76,5,3,1,9,Clients Fidèles
15691,United Kingdom,False,273,1,136.8,1,1,1,3,Clients Perdus
15692,United Kingdom,False,49,1,191.04,4,1,1,6,Nouveaux Clients
15694,United Kingdom,False,21,14,6479.4,5,5,5,15,Champions
15695,United Kingdom,False,287,2,409.98,1,3,2,6,Clients à Risque
15696,United Kingdom,False,54,8,2736.46,3,5,5,13,Clients Fidèles
15699,United Kingdom,False,38,1,309.65,4,1,2,7,Nouveaux Clients
15700,United Kingdom,False,193,2,696.68,2,3,3,8,Clients à Risque
15701,United Kingdom,False,23,4,1542.14,5,4,4,13,Champions
15703,United Kingdom,False,285,1,211.5,1,1,1,3,Clients Perdus
15704,United Kingdom,False,161,4,2293.62,2,4,5,11,Clients à Risque
15705,United Kingdom,False,222,1,143.1,1,1,1,3,Clients Perdus
15706,United Kingdom,False,84,4,1060.56,3,4,4,11,Clients Fidèles
15707,United Kingdom,False,56,4,945.58,3,4,4,11,Clients Fidèles
15708,United Kingdom,False,61,7,3364.24,3,5,5,13,Clients Fidèles
15709,United Kingdom,False,304,1,133.25,1,1,1,3,Clients Perdus
15712,United Kingdom,False,30,5,1072.36,5,4,4,13,Champions
15713,United Kingdom,False,164,2,356.7,2,3,2,7,Clients à Risque
15714,United Kingdom,False,32,2,330.88,5,3,2,10,Clients Fidèles
15716,United Kingdom,False,166,4,1118.81,2,4,4,10,Clients à Risque
15717,United Kingdom,False,255,1,150.3,1,1,1,3,Clients Perdus
15719,United Kingdom,False,53,13,5045.61,4,5,5,14,Champions
15720,United Kingdom,False,45,1,598.73,4,1,3,8,Nouveaux Clients
15721,United Kingdom,False,32,1,507.08,5,1,3,9,Nouveaux Clients
15722,United Kingdom,False,56,5,2222.56,3,4,5,12,Clients Fidèles
15723,United Kingdom,False,385,1,203.1,1,1,1,3,Clients Perdus
15724,United Kingdom,False,222,2,218.25,1,3,1,5,Clients à Risque
15725,United Kingdom,False,36,1,415.25,4,1,2,7,Nouveaux Clients
15727,United Kingdom,False,37,7,5178.96,4,5,5,14,Champions
15729,United Kingdom,False,233,1,85.0,1,1,1,3,Clients Perdus
15730,United Kingdom,False,86,3,1120.88,3,3,4,10,Clients Fidèles
15732,United Kingdom,False,233,2,294.12,1,3,2,6,Clients à Risque
15733,United Kingdom,False,303,1,162.3,1,1,1,3,Clients Perdus
15734,United Kingdom,False,135,2,1339.45,2,3,4,9,Clients à Risque
15737,United Kingdom,False,35,8,1205.12,4,5,4,13,Champions
15738,United Kingdom,False,39,16,4812.42,4,5,5,14,Champions
15739,United Kingdom,True,87,1,449.12,3,1,2,6,Clients Moyens
15740,United Kingdom,False,70,1,154.88,3,1,1,5,Clients Moyens
15743,United Kingdom,False,37,4,784.46,4,4,3,11,Clients Fidèles
15744,United Kingdom,False,98,1,34.8,2,1,1,4,Clients Moyens
15745,United Kingdom,False,40,4,1094.59,4,4,4,12,Champions
15746,United Kingdom,False,155,1,196.88,2,1,1,4,Clients Moyens
15747,United Kingdom,False,33,3,974.04,5,3,4,12,Clients Fidèles
15748,United Kingdom,False,61,1,149.31,3,1,1,5,Clients Moyens
15749,United Kingdom,True,256,3,44534.3,1,3,5,9,Clients à Risque
15750,United Kingdom,False,23,8,2465.48,5,5,5,15,Champions
15752,United Kingdom,False,60,7,2637.38,3,5,5,13,Clients Fidèles
15753,United Kingdom,True,325,1,79.2,1,1,1,3,Clients Perdus
15754,United Kingdom,False,72,3,458.57,3,3,2,8,Clients Fidèles
15755,United Kingdom,False,31,6,2364.25,5,5,5,15,Champions
15756,United Kingdom,False,82,4,532.96,3,4,3,10,Clients Fidèles
15757,United Kingdom,False,86,2,714.42,3,3,3,9,Clients Fidèles
15758,United Kingdom,False,45,1,205.25,4,2,1,7,Nouveaux Clients
15759,United Kingdom,False,239,3,253.04,1,3,2,6,Clients à Risque
15762,United Kingdom,False,86,2,583.75,3,3,3,9,Clients Fidèles
15763,United Kingdom,False,52,2,1086.92,4,3,4,11,Clients Fidèles
15764,United Kingdom,False,109,6,3279.9700000000003,2,5,5,12,Clients à Risque
15766,United Kingdom,False,85,1,315.06,3,2,2,7,Clients Moyens
15768,United Kingdom,False,136,3,621.83,2,4,3,9,Clients à Risque
15769,United Kingdom,True,28,26,56252.72,5,5,5,15,Champions
15773,United Kingdom,False,26,1,635.6800000000001,5,2,3,10,Nouveaux Clients
15774,United Kingdom,False,89,1,270.8,3,2,2,7,Clients Moyens
15775,United Kingdom,False,266,1,104.9,1,2,1,4,Clients Perdus
15776,United Kingdom,False,154,1,241.62,2,2,1,5,Clients Moyens
15777,United Kingdom,False,262,4,1047.11,1,4,4,9,Clients à Risque
15780,United Kingdom,False,204,3,475.28,1,4,2,7,Clients à Risque
15781,United Kingdom,False,46,3,345.46000000000004,4,4,2,10,Clients Fidèles
15782,United Kingdom,False,30,3,2614.74,5,4,5,14,Champions
15783,United Kingdom,False,31,1,246.3,5,2,1,8,Nouveaux Clients
15785,United Kingdom,False,53,5,2328.9700000000003,4,4,5,13,Champions
15786,United Kingdom,False,67,3,4932.2,3,4,5,12,Clients Fidèles
15787,United Kingdom,False,47,3,948.05,4,4,4,12,Champions
15789,United Kingdom,False,379,1,351.3,1,2,2,5,Clients Perdus
15790,United Kingdom,False,31,1,220.85,5,2,1,8,Nouveaux Clients
15791,United Kingdom,False,64,2,1612.69,3,3,4,10,Clients Fidèles
15793,United Kingdom,False,35,3,965.61,4,4,4,12,Champions
15795,United Kingdom,False,170,1,610.01,2,2,3,7,Clients Moyens
15796,United Kingdom,False,22,8,2711.56,5,5,5,15,Champions
15797,United Kingdom,True,134,4,2207.4,2,4,5,11,Clients à Risque
15799,United Kingdom,False,96,3,884.14,2,4,3,9,Clients à Risque
15800,United Kingdom,False,128,2,699.08,2,3,3,8,Clients à Risque
15801,United Kingdom,False,67,3,1063.95,3,4,4,11,Clients Fidèles
15802,United Kingdom,False,163,1,451.42,2,2,2,6,Clients Moyens
15803,United Kingdom,False,72,1,415.8200000000001,3,2,2,7,Clients Moyens
15804,United Kingdom,False,21,13,4206.39,5,5,5,15,Champions
15805,United Kingdom,False,44,17,5528.4800000000005,4,5,5,14,Champions
15806,United Kingdom,False,67,3,784.58,3,4,3,10,Clients Fidèles
15807,United Kingdom,False,71,3,903.9,3,4,3,10,Clients Fidèles
15808,United Kingdom,False,327,4,3734.97,1,4,5,10,Clients à Risque
15809,United Kingdom,False,57,5,515.77,3,4,3,10,Clients Fidèles
15810,United Kingdom,False,99,4,1391.98,2,4,4,10,Clients à Risque
15811,United Kingdom,False,43,6,2218.62,4,5,5,14,Champions
15812,United Kingdom,False,128,5,1801.14,2,4,4,10,Clients à Risque
15813,United Kingdom,False,228,2,1303.91,1,3,4,8,Clients à Risque
15814,United Kingdom,False,37,4,1945.33,4,4,4,12,Champions
15815,United Kingdom,False,84,5,2100.6,3,4,5,12,Clients Fidèles
15819,United Kingdom,False,70,4,1905.45,3,4,4,11,Clients Fidèles
15820,United Kingdom,False,340,1,206.98,1,2,1,4,Clients Perdus
15821,United Kingdom,False,65,2,570.96,3,3,3,9,Clients Fidèles
15822,United Kingdom,False,24,2,885.47,5,3,3,11,Clients Fidèles
15823,United Kingdom,False,393,1,15.0,1,2,1,4,Clients Perdus
15825,United Kingdom,False,193,1,532.94,2,2,3,7,Clients Moyens
15826,United Kingdom,False,77,3,1654.31,3,4,4,11,Clients Fidèles
15827,United Kingdom,False,94,14,1836.09,2,5,4,11,Clients à Risque
15829,United Kingdom,False,120,2,636.14,2,3,3,8,Clients à Risque
15830,United Kingdom,False,58,1,576.0,3,2,3,8,Clients Moyens
15831,United Kingdom,False,79,3,801.76,3,4,3,10,Clients Fidèles
15832,United Kingdom,False,275,1,836.79,1,2,3,6,Clients Perdus
15834,United Kingdom,False,91,4,2233.75,3,4,5,12,Clients Fidèles
15835,United Kingdom,False,65,4,954.09,3,4,4,11,Clients Fidèles
15836,United Kingdom,False,71,1,137.37,3,2,1,6,Clients Moyens
15837,United Kingdom,False,85,1,391.98,3,2,2,7,Clients Moyens
15838,United Kingdom,True,32,19,33643.08,5,5,5,15,Champions
15839,United Kingdom,False,54,3,1048.49,3,4,4,11,Clients Fidèles
15840,United Kingdom,False,79,2,355.56,3,3,2,8,Clients Fidèles
15841,United Kingdom,False,93,4,1224.06,2,4,4,10,Clients à Risque
15843,United Kingdom,False,324,1,118.95,1,2,1,4,Clients Perdus
15844,United Kingdom,False,67,1,130.73999999999998,3,2,1,6,Clients Moyens
15845,United Kingdom,False,38,8,3711.77,4,5,5,14,Champions
15847,United Kingdom,False,59,2,389.27,3,3,2,8,Clients Fidèles
15850,United Kingdom,False,40,2,238.85,4,3,1,8,Clients Fidèles
15852,United Kingdom,False,207,2,160.71,1,3,1,5,Clients à Risque
15853,United Kingdom,False,72,1,110.8,3,2,1,6,Clients Moyens
15854,United Kingdom,False,25,12,2974.65,5,5,5,15,Champions
15855,United Kingdom,False,157,5,712.24,2,4,3,9,Clients à Risque
15856,United Kingdom,False,25,27,16387.57,5,5,5,15,Champions
15857,United Kingdom,False,39,1,297.0,4,2,2,8,Nouveaux Clients
15858,United Kingdom,False,36,5,1438.85,4,4,4,12,Champions
15860,United Kingdom,False,61,8,977.21,3,5,4,12,Clients Fidèles
15861,United Kingdom,False,33,8,3165.36,5,5,5,15,Champions
15862,United Kingdom,False,29,4,832.88,5,4,3,12,Clients Fidèles
15863,United Kingdom,False,46,2,68.84,4,3,1,8,Clients Fidèles
15864,United Kingdom,False,43,6,1936.32,4,5,4,13,Champions
15865,United Kingdom,False,61,3,895.13,3,4,3,10,Clients Fidèles
15866,United Kingdom,False,122,1,230.53,2,2,1,5,Clients Moyens
15867,United Kingdom,False,26,15,3812.64,5,5,5,15,Champions
15869,United Kingdom,False,298,2,149.64,1,3,1,5,Clients à Risque
15870,United Kingdom,False,53,1,354.09000000000003,4,2,2,8,Nouveaux Clients
15872,United Kingdom,False,35,2,360.93,4,3,2,9,Clients Fidèles
15874,United Kingdom,False,84,7,4405.88,3,5,5,13,Clients Fidèles
15877,United Kingdom,False,22,2,493.28,5,3,3,11,Clients Fidèles
15880,United Kingdom,False,390,1,343.28,1,2,2,5,Clients Perdus
15881,United Kingdom,False,333,5,501.39,1,4,3,8,Clients à Risque
15882,United Kingdom,False,219,4,516.36,1,4,3,8,Clients à Risque
15883,United Kingdom,False,23,2,396.48,5,3,2,10,Clients Fidèles
15885,United Kingdom,False,113,3,379.35,2,4,2,8,Clients à Risque
15886,United Kingdom,False,81,1,181.09,3,2,1,6,Clients Moyens
15888,United Kingdom,False,101,1,168.31,2,2,1,5,Clients Moyens
15889,United Kingdom,False,177,2,446.87,2,3,2,7,Clients à Risque
15891,United Kingdom,False,247,1,524.52,1,2,3,6,Clients Perdus
15894,United Kingdom,False,274,2,263.55,1,3,2,6,Clients à Risque
15895,United Kingdom,False,170,1,179.17,2,2,1,5,Clients Moyens
15897,United Kingdom,False,215,2,222.05,1,3,1,5,Clients à Risque
15898,United Kingdom,False,22,5,1388.88,5,4,4,13,Champions
15899,United Kingdom,False,389,1,56.25,1,2,1,4,Clients Perdus
15900,United Kingdom,False,44,1,351.11,4,2,2,8,Nouveaux Clients
15901,United Kingdom,False,37,3,363.88,4,4,2,10,Clients Fidèles
15903,United Kingdom,False,30,7,5126.76,5,5,5,15,Champions
15904,United Kingdom,False,29,1,164.68,5,2,1,8,Nouveaux Clients
15906,United Kingdom,False,40,7,1567.69,4,5,4,13,Champions
15907,United Kingdom,False,24,3,967.45,5,4,4,13,Champions
15909,United Kingdom,False,194,1,191.94,2,2,1,5,Clients Moyens
15910,United Kingdom,False,21,8,1232.18,5,5,4,14,Champions
15912,United Kingdom,False,199,2,264.62,2,3,2,7,Clients à Risque
15916,United Kingdom,False,37,8,1528.09,4,5,4,13,Champions
15917,United Kingdom,False,268,1,123.1,1,2,1,4,Clients Perdus
15918,United Kingdom,False,211,2,334.23,1,3,2,6,Clients à Risque
15919,United Kingdom,False,40,2,639.89,4,3,3,10,Clients Fidèles
15920,United Kingdom,False,175,4,167.5,2,4,1,7,Clients à Risque
15921,United Kingdom,False,193,1,336.03000000000003,2,2,2,6,Clients Moyens
15922,United Kingdom,False,394,1,369.5,1,2,2,5,Clients Perdus
15923,United Kingdom,False,393,1,127.08,1,2,1,4,Clients Perdus
15925,United Kingdom,False,215,1,207.15,1,2,1,4,Clients Perdus
15930,United Kingdom,False,88,1,426.63,3,2,2,7,Clients Moyens
15932,United Kingdom,False,25,8,2495.87,5,5,5,15,Champions
15933,United Kingdom,False,42,3,1107.46,4,4,4,12,Champions
15935,United Kingdom,False,260,2,416.86,1,3,2,6,Clients à Risque
15937,United Kingdom,False,85,1,145.35000000000002,3,2,1,6,Clients Moyens
15938,United Kingdom,False,133,5,404.58,2,4,2,8,Clients à Risque
15939,United Kingdom,False,110,15,6115.01,2,5,5,12,Clients à Risque
15940,United Kingdom,False,332,1,35.8,1,2,1,4,Clients Perdus
15942,United Kingdom,False,154,1,337.44,2,2,2,6,Clients Moyens
15944,United Kingdom,False,297,1,325.1,1,2,2,5,Clients Perdus
15945,United Kingdom,False,386,1,181.0,1,2,1,4,Clients Perdus
15947,United Kingdom,False,103,1,1708.24,2,2,4,8,Clients Moyens
15948,United Kingdom,False,29,2,955.24,5,3,4,12,Clients Fidèles
15949,United Kingdom,False,37,2,364.72,4,3,2,9,Clients Fidèles
15950,United Kingdom,False,52,4,1765.51,4,4,4,12,Champions
15951,United Kingdom,False,29,2,708.22,5,3,3,11,Clients Fidèles
15952,United Kingdom,False,54,4,806.57,3,4,3,10,Clients Fidèles
15953,United Kingdom,False,36,8,1659.38,4,5,4,13,Champions
15955,United Kingdom,False,45,14,4416.26,4,5,5,14,Champions
15957,United Kingdom,False,52,1,428.89,4,2,2,8,Nouveaux Clients
15958,United Kingdom,False,95,1,104.35,2,2,1,5,Clients Moyens
15963,United Kingdom,False,40,2,470.76,4,3,2,9,Clients Fidèles
15965,United Kingdom,False,38,4,845.64,4,4,3,11,Clients Fidèles
15967,United Kingdom,False,44,2,418.83,4,3,2,9,Clients Fidèles
15969,United Kingdom,False,23,3,666.1,5,4,3,12,Clients Fidèles
15970,United Kingdom,False,324,1,314.1,1,2,2,5,Clients Perdus
15971,United Kingdom,False,38,12,4199.85,4,5,5,14,Champions
15973,United Kingdom,False,387,1,307.82000000000005,1,2,2,5,Clients Perdus
15974,United Kingdom,False,60,7,3442.15,3,5,5,13,Clients Fidèles
15975,United Kingdom,False,105,1,371.01,2,2,2,6,Clients Moyens
15976,United Kingdom,False,186,2,430.94,2,3,2,7,Clients à Risque
15977,United Kingdom,False,38,2,1054.73,4,3,4,11,Clients Fidèles
15978,United Kingdom,False,98,1,1098.78,2,2,4,8,Clients Moyens
15980,United Kingdom,False,109,3,2398.86,2,4,5,11,Clients à Risque
15981,United Kingdom,False,45,8,3408.48,4,5,5,14,Champions
15983,United Kingdom,False,43,4,1475.02,4,4,4,12,Champions
15984,United Kingdom,False,23,10,2837.67,5,5,5,15,Champions
15985,United Kingdom,False,144,2,1142.42,2,3,4,9,Clients à Risque
15986,United Kingdom,False,51,1,168.12,4,2,1,7,Nouveaux Clients
15987,United Kingdom,False,33,7,1451.28,5,5,4,14,Champions
15988,United Kingdom,False,40,1,158.03,4,2,1,7,Nouveaux Clients
15990,United Kingdom,False,65,2,792.11,3,3,3,9,Clients Fidèles
15992,United Kingdom,False,24,1,41.99,5,2,1,8,Nouveaux Clients
15993,United Kingdom,False,29,7,2797.57,5,5,5,15,Champions
15994,United Kingdom,False,75,1,427.07,3,2,2,7,Clients Moyens
15996,United Kingdom,False,109,6,1060.68,2,5,4,11,Clients à Risque
15998,United Kingdom,False,57,5,3089.97,3,4,5,12,Clients Fidèles
16000,United Kingdom,True,23,3,12393.7,5,4,5,14,Champions
16003,United Kingdom,False,50,5,2735.37,4,4,5,13,Champions
16005,United Kingdom,False,33,4,615.39,5,4,3,12,Clients Fidèles
16006,United Kingdom,False,232,1,101.4,1,2,1,4,Clients Perdus
16007,United Kingdom,False,68,4,1701.94,3,4,4,11,Clients Fidèles
16008,United Kingdom,False,44,3,478.78,4,4,2,10,Clients Fidèles
16009,United Kingdom,False,43,4,992.71,4,4,4,12,Champions
16010,United Kingdom,False,266,3,407.5,1,4,2,7,Clients à Risque
16011,United Kingdom,False,29,16,3362.71,5,5,5,15,Champions
16012,United Kingdom,False,56,3,1415.29,3,4,4,11,Clients Fidèles
16013,United Kingdom,True,24,47,37130.6,5,5,5,15,Champions
16014,United Kingdom,False,58,3,662.38,3,4,3,10,Clients Fidèles
16015,United Kingdom,False,24,3,705.39,5,4,3,12,Clients Fidèles
16016,United Kingdom,False,24,8,1508.76,5,5,4,14,Champions
16017,United Kingdom,False,68,1,211.88,3,2,1,6,Clients Moyens
16018,United Kingdom,False,60,2,408.9,3,3,2,8,Clients Fidèles
16019,United Kingdom,False,67,9,3786.24,3,5,5,13,Clients Fidèles
16020,United Kingdom,False,37,3,851.01,4,4,3,11,Clients Fidèles
16022,United Kingdom,False,281,1,628.28,1,2,3,6,Clients Perdus
16023,United Kingdom,False,67,3,719.81,3,4,3,10,Clients Fidèles
16024,United Kingdom,False,33,1,251.24,5,2,2,9,Nouveaux Clients
16025,United Kingdom,False,50,1,439.66,4,2,2,8,Nouveaux Clients
16026,United Kingdom,False,64,1,236.09,3,2,1,6,Clients Moyens
16027,United Kingdom,False,112,6,934.62,2,5,3,10,Clients à Risque
16029,United Kingdom,True,59,63,81024.84,3,5,5,13,Clients Fidèles
16030,United Kingdom,False,330,1,331.24,1,2,2,5,Clients Perdus
16031,United Kingdom,False,113,2,548.94,2,3,3,8,Clients à Risque
16033,United Kingdom,False,26,20,8816.4,5,5,5,15,Champions
16034,United Kingdom,False,217,3,437.7000000000001,1,4,2,7,Clients à Risque
16036,United Kingdom,False,108,2,758.9200000000001,2,3,3,8,Clients à Risque
16037,United Kingdom,False,290,3,855.02,1,4,3,8,Clients à Risque
16038,United Kingdom,False,28,3,471.78,5,4,2,11,Clients Fidèles
16040,United Kingdom,False,86,3,1313.55,3,4,4,11,Clients Fidèles
16041,United Kingdom,True,51,3,3166.4,4,4,5,13,Champions
16042,United Kingdom,False,43,5,1197.27,4,4,4,12,Champions
16043,United Kingdom,False,58,4,773.99,3,4,3,10,Clients Fidèles
16045,United Kingdom,False,140,4,1340.7,2,4,4,10,Clients à Risque
16048,United Kingdom,False,394,2,256.44,1,3,2,6,Clients à Risque
16049,United Kingdom,False,61,3,1111.79,3,4,4,11,Clients Fidèles
16050,United Kingdom,False,194,1,137.9,2,2,1,5,Clients Moyens
16052,United Kingdom,False,75,1,362.06,3,2,2,7,Clients Moyens
16053,United Kingdom,False,53,2,1511.95,4,3,4,11,Clients Fidèles
16054,United Kingdom,False,166,1,783.9,2,2,3,7,Clients Moyens
16055,United Kingdom,False,241,1,134.8,1,2,1,4,Clients Perdus
16056,United Kingdom,False,66,1,664.85,3,2,3,8,Clients Moyens
16057,United Kingdom,False,37,7,2263.12,4,5,5,14,Champions
16059,United Kingdom,False,86,6,1459.86,3,5,4,12,Clients Fidèles
16062,United Kingdom,False,30,4,1153.62,5,4,4,13,Champions
16063,United Kingdom,False,281,1,335.32,1,2,2,5,Clients Perdus
16065,United Kingdom,False,386,1,372.09,1,2,2,5,Clients Perdus
16066,United Kingdom,False,37,5,1521.87,4,4,4,12,Champions
16070,United Kingdom,False,43,2,852.15,4,3,3,10,Clients Fidèles
16071,United Kingdom,False,65,1,326.24,3,2,2,7,Clients Moyens
16072,United Kingdom,False,309,1,584.3199999999999,1,2,3,6,Clients Perdus
16073,United Kingdom,False,318,1,122.4,1,2,1,4,Clients Perdus
16076,United Kingdom,False,24,10,2234.73,5,5,5,15,Champions
16078,United Kingdom,False,304,1,79.2,1,2,1,4,Clients Perdus
16079,United Kingdom,False,37,3,1352.0,4,4,4,12,Champions
16080,United Kingdom,False,102,2,217.16,2,3,1,6,Clients à Risque
16081,United Kingdom,False,77,5,2806.9,3,4,5,12,Clients Fidèles
16083,United Kingdom,False,121,2,1317.62,2,3,4,9,Clients à Risque
16084,United Kingdom,False,320,1,436.18,1,2,2,5,Clients Perdus
16085,United Kingdom,False,44,5,981.51,4,4,4,12,Champions
16086,United Kingdom,False,80,5,1121.39,3,4,4,11,Clients Fidèles
16091,United Kingdom,False,175,2,315.06,2,3,2,7,Clients à Risque
16092,United Kingdom,False,135,3,817.86,2,4,3,9,Clients à Risque
16093,United Kingdom,False,127,1,17.0,2,2,1,5,Clients Moyens
16094,United Kingdom,False,32,4,1078.23,5,4,4,13,Champions
16096,United Kingdom,False,285,1,320.62,1,2,2,5,Clients Perdus
16097,United Kingdom,False,261,1,185.05,1,2,1,4,Clients Perdus
16098,United Kingdom,False,108,7,2005.63,2,5,4,11,Clients à Risque
16099,United Kingdom,False,71,3,731.9,3,4,3,10,Clients Fidèles
16101,United Kingdom,False,91,1,1290.7,3,2,4,9,Clients Moyens
16102,United Kingdom,False,63,3,1842.14,3,4,4,11,Clients Fidèles
16103,United Kingdom,False,28,6,1429.64,5,5,4,14,Champions
16104,United Kingdom,False,82,1,302.36,3,2,2,7,Clients Moyens
16105,United Kingdom,False,269,1,336.96,1,2,2,5,Clients Perdus
16106,United Kingdom,False,86,1,108.38,3,2,1,6,Clients Moyens
16107,United Kingdom,False,38,7,3204.1600000000003,4,5,5,14,Champions
16108,United Kingdom,False,105,1,842.5,2,2,3,7,Clients Moyens
16109,United Kingdom,False,239,2,611.88,1,3,3,7,Clients à Risque
16110,United Kingdom,False,66,3,1337.48,3,4,4,11,Clients Fidèles
16112,United Kingdom,False,164,4,195.74,2,4,1,7,Clients à Risque
16113,United Kingdom,False,204,1,161.38,1,2,1,4,Clients Perdus
16114,United Kingdom,False,191,1,135.75000000000003,2,2,1,5,Clients Moyens
16115,United Kingdom,False,30,8,1667.97,5,5,4,14,Champions
16116,United Kingdom,False,232,1,612.78,1,2,3,6,Clients Perdus
16117,United Kingdom,False,210,1,232.21,1,2,1,4,Clients Perdus
16119,United Kingdom,False,29,2,423.36,5,3,2,10,Clients Fidèles
16120,United Kingdom,False,80,4,1309.14,3,4,4,11,Clients Fidèles
16121,United Kingdom,False,78,2,867.11,3,3,3,9,Clients Fidèles
16122,United Kingdom,False,94,4,684.42,2,4,3,9,Clients à Risque
16123,United Kingdom,False,72,1,307.78000000000003,3,2,2,7,Clients Moyens
16124,United Kingdom,False,338,1,249.0,1,2,1,4,Clients Perdus
16125,United Kingdom,False,388,1,289.35,1,2,2,5,Clients Perdus
16126,United Kingdom,False,50,4,6287.77,4,4,5,13,Champions
16127,United Kingdom,False,60,1,656.25,3,2,3,8,Clients Moyens
16128,United Kingdom,False,38,5,1880.22,4,4,4,12,Champions
16131,United Kingdom,False,72,6,3506.54,3,5,5,13,Clients Fidèles
16133,United Kingdom,False,24,33,14589.04,5,5,5,15,Champions
16134,United Kingdom,False,42,2,618.09,4,3,3,10,Clients Fidèles
16135,United Kingdom,False,283,1,517.55,1,2,3,6,Clients Perdus
16136,United Kingdom,False,80,3,709.38,3,4,3,10,Clients Fidèles
16139,United Kingdom,False,39,3,635.4100000000001,4,4,3,11,Clients Fidèles
16140,United Kingdom,False,86,2,725.1800000000001,3,3,3,9,Clients Fidèles
16141,United Kingdom,False,109,1,620.4,2,2,3,7,Clients Moyens
16142,United Kingdom,False,270,1,535.34,1,2,3,6,Clients Perdus
16143,United Kingdom,False,24,6,2424.94,5,5,5,15,Champions
16144,United Kingdom,False,267,1,175.2,1,2,1,4,Clients Perdus
16145,United Kingdom,False,29,11,3799.49,5,5,5,15,Champions
16146,United Kingdom,False,178,3,734.13,2,4,3,9,Clients à Risque
16147,United Kingdom,False,154,1,375.0,2,2,2,6,Clients Moyens
16148,United Kingdom,True,317,1,76.32000000000001,1,2,1,4,Clients Perdus
16149,United Kingdom,False,25,2,280.52,5,3,2,10,Clients Fidèles
16150,United Kingdom,False,63,5,2053.02,3,4,4,11,Clients Fidèles
16152,United Kingdom,False,289,1,1829.04,1,2,4,7,Clients Perdus
16153,United Kingdom,False,70,5,1824.23,3,4,4,11,Clients Fidèles
16156,United Kingdom,False,29,9,3122.04,5,5,5,15,Champions
16157,United Kingdom,False,36,3,656.69,4,4,3,11,Clients Fidèles
16159,United Kingdom,False,302,1,348.2,1,2,2,5,Clients Perdus
16160,United Kingdom,False,86,2,1025.44,3,3,4,10,Clients Fidèles
16161,United Kingdom,False,22,19,5575.56,5,5,5,15,Champions
16162,United Kingdom,False,273,1,37.4,1,2,1,4,Clients Perdus
16163,United Kingdom,False,253,2,856.6,1,3,3,7,Clients à Risque
16164,United Kingdom,False,38,3,822.48,4,4,3,11,Clients Fidèles
16168,United Kingdom,False,31,27,3787.6,5,5,5,15,Champions
16169,United Kingdom,False,29,4,1822.97,5,4,4,13,Champions
16170,United Kingdom,False,71,6,1885.05,3,5,4,12,Clients Fidèles
16171,United Kingdom,False,80,1,73.19999999999999,3,2,1,6,Clients Moyens
16172,United Kingdom,False,116,5,1140.21,2,4,4,10,Clients à Risque
16173,United Kingdom,False,36,6,1418.32,4,5,4,13,Champions
16174,United Kingdom,False,147,3,1009.55,2,4,4,10,Clients à Risque
16175,United Kingdom,False,115,4,1037.59,2,4,4,10,Clients à Risque
16177,United Kingdom,False,71,1,331.95,3,2,2,7,Clients Moyens
16178,United Kingdom,False,159,1,197.9,2,2,1,5,Clients Moyens
16179,United Kingdom,False,81,1,215.83,3,2,1,6,Clients Moyens
16180,United Kingdom,False,121,8,10254.18,2,5,5,12,Clients à Risque
16181,United Kingdom,False,94,1,305.54,2,2,2,6,Clients Moyens
16182,United Kingdom,True,93,4,6617.65,2,4,5,11,Clients à Risque
16183,United Kingdom,False,88,1,338.71000000000004,3,2,2,7,Clients Moyens
16184,United Kingdom,False,85,6,1158.79,3,5,4,12,Clients Fidèles
16185,United Kingdom,False,37,2,529.41,4,3,3,10,Clients Fidèles
16186,United Kingdom,False,43,12,4006.94,4,5,5,14,Champions
16187,United Kingdom,False,52,15,6911.4400000000005,4,5,5,14,Champions
16188,United Kingdom,False,65,4,981.86,3,4,4,11,Clients Fidèles
16189,United Kingdom,False,36,2,215.48,4,3,1,8,Clients Fidèles
16190,United Kingdom,False,61,1,215.08,3,2,1,6,Clients Moyens
16191,United Kingdom,False,23,13,5180.52,5,5,5,15,Champions
16193,United Kingdom,False,257,1,314.45,1,2,2,5,Clients Perdus
16198,United Kingdom,False,96,1,400.681,2,2,2,6,Clients Moyens
16200,United Kingdom,False,25,2,1080.62,5,3,4,12,Clients Fidèles
16201,United Kingdom,False,24,4,1863.47,5,4,4,13,Champions
16202,United Kingdom,False,381,1,365.27,1,2,2,5,Clients Perdus
16203,United Kingdom,False,79,4,592.9,3,4,3,10,Clients Fidèles
16204,United Kingdom,False,44,1,405.71,4,2,2,8,Nouveaux Clients
16205,United Kingdom,False,51,4,761.38,4,4,3,11,Clients Fidèles
16206,United Kingdom,False,75,4,537.0600000000001,3,4,3,10,Clients Fidèles
16207,United Kingdom,False,46,1,394.38,4,2,2,8,Nouveaux Clients
16208,United Kingdom,False,65,2,664.26,3,3,3,9,Clients Fidèles
16209,United Kingdom,False,109,5,2262.62,2,4,5,11,Clients à Risque
16210,United Kingdom,False,22,18,21086.3,5,5,5,15,Champions
16211,United Kingdom,False,109,1,547.02,2,2,3,7,Clients Moyens
16212,United Kingdom,False,40,2,690.34,4,3,3,10,Clients Fidèles
16213,United Kingdom,False,99,1,159.0,2,2,1,5,Clients Moyens
16214,United Kingdom,False,191,3,1062.75,2,4,4,10,Clients à Risque
16215,United Kingdom,False,101,1,242.35,2,2,1,5,Clients Moyens
16216,United Kingdom,False,288,1,914.93,1,2,3,6,Clients Perdus
16217,United Kingdom,False,256,2,304.25,1,3,2,6,Clients à Risque
16218,United Kingdom,False,50,7,3084.68,4,5,5,14,Champions
16221,United Kingdom,False,57,3,864.86,3,4,3,10,Clients Fidèles
16222,United Kingdom,False,339,1,846.72,1,2,3,6,Clients Perdus
16224,United Kingdom,False,78,4,1295.3,3,4,4,11,Clients Fidèles
16225,United Kingdom,False,65,5,1096.32,3,4,4,11,Clients Fidèles
16226,United Kingdom,False,224,3,255.12,1,4,2,7,Clients à Risque
16227,United Kingdom,False,246,1,314.22,1,2,2,5,Clients Perdus
16229,United Kingdom,False,108,2,1010.6,2,3,4,9,Clients à Risque
16230,United Kingdom,False,210,2,542.03,1,3,3,7,Clients à Risque
16232,United Kingdom,False,64,4,990.88,3,4,4,11,Clients Fidèles
16233,United Kingdom,False,92,3,536.6800000000001,3,4,3,10,Clients Fidèles
16235,United Kingdom,False,61,5,867.3100000000001,3,4,3,10,Clients Fidèles
16236,United Kingdom,False,99,1,432.2,2,2,2,6,Clients Moyens
16239,United Kingdom,False,77,2,414.2,3,3,2,8,Clients Fidèles
16240,United Kingdom,False,45,2,3718.8,4,3,5,12,Clients Fidèles
16241,United Kingdom,False,30,13,2607.87,5,5,5,15,Champions
16242,United Kingdom,False,29,7,3603.21,5,5,5,15,Champions
16243,United Kingdom,False,54,2,409.1,3,3,2,8,Clients Fidèles
16244,United Kingdom,False,232,2,1522.75,1,3,4,8,Clients à Risque
16245,United Kingdom,False,44,3,1413.66,4,4,4,12,Champions
16247,United Kingdom,False,191,1,114.56,2,2,1,5,Clients Moyens
16248,United Kingdom,False,82,1,152.94,3,2,1,6,Clients Moyens
16249,United Kingdom,False,73,5,1800.07,3,4,4,11,Clients Fidèles
16250,United Kingdom,False,282,2,389.44,1,3,2,6,Clients à Risque
16253,United Kingdom,False,87,2,3683.86,3,3,5,11,Clients Fidèles
16255,United Kingdom,False,37,8,2619.91,4,5,5,14,Champions
16256,United Kingdom,False,287,1,752.4300000000001,1,2,3,6,Clients Perdus
16257,United Kingdom,False,197,1,46.95,2,2,1,5,Clients Moyens
16258,United Kingdom,False,66,5,5203.51,3,4,5,12,Clients Fidèles
16260,United Kingdom,False,71,1,1035.45,3,2,4,9,Clients Moyens
16261,United Kingdom,False,38,4,746.83,4,4,3,11,Clients Fidèles
16265,United Kingdom,False,30,9,5447.0,5,5,5,15,Champions
16266,United Kingdom,False,94,7,861.89,2,5,3,10,Clients à Risque
16268,United Kingdom,False,92,2,667.65,3,3,3,9,Clients Fidèles
16270,United Kingdom,False,374,1,1141.24,1,2,4,7,Clients Perdus
16271,United Kingdom,False,23,5,1429.24,5,4,4,13,Champions
16272,United Kingdom,False,137,1,411.7,2,2,2,6,Clients Moyens
16274,United Kingdom,False,394,1,357.95,1,2,2,5,Clients Perdus
16275,United Kingdom,False,217,1,559.87,1,2,3,6,Clients Perdus
16276,United Kingdom,False,197,1,810.6,2,2,3,7,Clients Moyens
16278,United Kingdom,False,121,1,566.38,2,2,3,7,Clients Moyens
16279,United Kingdom,False,42,3,1509.58,4,4,4,12,Champions
16281,United Kingdom,False,93,1,2062.06,2,2,5,9,Clients Moyens
16282,United Kingdom,False,360,1,168.3,1,2,1,4,Clients Perdus
16283,United Kingdom,False,26,5,1570.81,5,4,4,13,Champions
16284,United Kingdom,False,52,2,823.97,4,3,3,10,Clients Fidèles
16287,United Kingdom,False,190,1,142.5,2,2,1,5,Clients Moyens
16292,United Kingdom,False,142,1,302.25,2,2,2,6,Clients Moyens
16293,United Kingdom,False,42,10,2248.99,4,5,5,14,Champions
16295,United Kingdom,False,30,4,1328.55,5,4,4,13,Champions
16297,United Kingdom,False,289,1,301.9,1,2,2,5,Clients Perdus
16298,United Kingdom,False,43,3,598.2,4,4,3,11,Clients Fidèles
16302,United Kingdom,False,147,1,233.22,2,2,1,5,Clients Moyens
16303,United Kingdom,False,46,3,5360.63,4,4,5,13,Champions
16305,United Kingdom,False,159,1,361.22,2,2,2,6,Clients Moyens
16306,United Kingdom,False,234,6,632.27,1,5,3,9,Clients à Risque
16308,United Kingdom,True,58,4,2560.0,3,4,5,12,Clients Fidèles
16309,United Kingdom,False,127,2,706.57,2,3,3,8,Clients à Risque
16311,United Kingdom,False,38,2,616.26,4,3,3,10,Clients Fidèles
16313,United Kingdom,False,24,2,274.15000000000003,5,3,2,10,Clients Fidèles
16315,United Kingdom,False,351,1,226.37,1,2,1,4,Clients Perdus
16316,United Kingdom,False,85,8,2938.91,3,5,5,13,Clients Fidèles
16317,United Kingdom,False,140,3,1341.65,2,4,4,10,Clients à Risque
16318,United Kingdom,False,56,1,328.15000000000003,3,2,2,7,Clients Moyens
16319,United Kingdom,False,238,1,404.4,1,2,2,5,Clients Perdus
16320,Unspecified,False,193,2,1038.46,2,3,4,9,Clients à Risque
16321,Australia,False,93,5,373.65,2,4,2,8,Clients à Risque
16322,United Kingdom,False,22,2,326.75,5,3,2,10,Clients Fidèles
16323,United Kingdom,True,217,1,207.50000000000003,1,2,1,4,Clients Perdus
16324,United Kingdom,False,149,3,428.68,2,4,2,8,Clients à Risque
16325,United Kingdom,False,67,3,594.24,3,4,3,10,Clients Fidèles
16326,United Kingdom,False,26,14,3110.96,5,5,5,15,Champions
16327,United Kingdom,False,35,6,3844.22,4,5,5,14,Champions
16330,United Kingdom,False,38,3,251.91,4,4,2,10,Clients Fidèles
16332,United Kingdom,False,49,7,1593.2,4,5,4,13,Champions
16333,United Kingdom,True,28,22,26626.8,5,5,5,15,Champions
16337,United Kingdom,False,57,1,151.05,3,2,1,6,Clients Moyens
16338,United Kingdom,False,178,1,214.8,2,2,1,5,Clients Moyens
16339,United Kingdom,False,305,1,109.95,1,2,1,4,Clients Perdus
16340,United Kingdom,False,128,1,549.07,2,2,3,7,Clients Moyens
16341,United Kingdom,False,45,4,1971.87,4,4,4,12,Champions
16342,United Kingdom,False,96,4,322.41,2,4,2,8,Clients à Risque
16343,United Kingdom,False,37,2,370.48,4,3,2,9,Clients Fidèles
16344,United Kingdom,False,179,1,101.1,2,2,1,5,Clients Moyens
16345,United Kingdom,False,65,1,575.41,3,2,3,8,Clients Moyens
16347,United Kingdom,False,32,2,887.65,5,3,3,11,Clients Fidèles
16348,United Kingdom,False,53,7,1469.45,4,5,4,13,Champions
16349,United Kingdom,False,311,1,53.5,1,2,1,4,Clients Perdus
16350,United Kingdom,False,42,4,1116.47,4,4,4,12,Champions
16351,United Kingdom,False,353,1,153.9,1,2,1,4,Clients Perdus
16352,United Kingdom,False,38,2,494.44,4,3,3,10,Clients Fidèles
16353,United Kingdom,False,24,23,6675.71,5,5,5,15,Champions
16354,United Kingdom,False,84,2,395.8,3,3,2,8,Clients Fidèles
16356,United Kingdom,False,218,3,211.77,1,4,1,6,Clients à Risque
16357,United Kingdom,False,54,3,658.88,3,4,3,10,Clients Fidèles
16358,United Kingdom,False,22,4,2027.5,5,4,4,13,Champions
16359,United Kingdom,False,28,9,1750.92,5,5,4,14,Champions
16360,United Kingdom,False,25,6,3512.53,5,5,5,15,Champions
16361,United Kingdom,False,30,4,896.66,5,4,3,12,Clients Fidèles
16362,United Kingdom,False,53,5,734.77,4,4,3,11,Clients Fidèles
16363,United Kingdom,False,74,1,109.36,3,2,1,6,Clients Moyens
16364,United Kingdom,False,32,2,707.04,5,3,3,11,Clients Fidèles
16365,United Kingdom,False,38,9,1540.42,4,5,4,13,Champions
16366,United Kingdom,False,39,1,327.3,4,2,2,8,Nouveaux Clients
16367,United Kingdom,False,58,2,804.49,3,3,3,9,Clients Fidèles
16368,United Kingdom,False,23,2,497.43,5,3,3,11,Clients Fidèles
16369,United Kingdom,False,39,3,1553.66,4,4,4,12,Champions
16370,United Kingdom,False,103,4,1320.56,2,4,4,10,Clients à Risque
16372,United Kingdom,False,54,2,367.93,3,3,2,8,Clients Fidèles
16374,United Kingdom,False,87,2,473.03,3,3,2,8,Clients Fidèles
16376,United Kingdom,False,29,2,987.01,5,3,4,12,Clients Fidèles
16377,United Kingdom,True,288,1,676.2,1,2,3,6,Clients Perdus
16378,United Kingdom,False,268,3,362.95,1,4,2,7,Clients à Risque
16379,United Kingdom,False,25,4,2157.4,5,4,5,14,Champions
16380,United Kingdom,False,82,1,1780.59,3,2,4,9,Clients Moyens
16383,United Kingdom,False,95,2,668.36,2,3,3,8,Clients à Risque
16384,United Kingdom,False,110,2,584.5,2,3,3,8,Clients à Risque
16385,United Kingdom,False,81,3,555.89,3,4,3,10,Clients Fidèles
16386,United Kingdom,False,49,2,317.2,4,3,2,9,Clients Fidèles
16387,United Kingdom,False,343,1,94.36,1,2,1,4,Clients Perdus
16389,United Kingdom,False,74,4,1382.0700000000002,3,4,4,11,Clients Fidèles
16392,United Kingdom,False,290,1,221.19,1,2,1,4,Clients Perdus
16393,United Kingdom,False,23,13,3046.21,5,5,5,15,Champions
16394,United Kingdom,False,77,5,1555.34,3,4,4,11,Clients Fidèles
16395,United Kingdom,False,81,5,1486.9,3,4,4,11,Clients Fidèles
16398,United Kingdom,False,175,2,1705.8,2,3,4,9,Clients à Risque
16399,United Kingdom,False,40,2,408.57,4,3,2,9,Clients Fidèles
16400,United Kingdom,False,115,1,303.93,2,2,2,6,Clients Moyens
16401,United Kingdom,False,22,12,4098.32,5,5,5,15,Champions
16402,United Kingdom,False,285,2,299.6,1,3,2,6,Clients à Risque
16403,United Kingdom,False,333,1,177.5,1,2,1,4,Clients Perdus
16404,United Kingdom,False,91,1,443.05,3,2,2,7,Clients Moyens
16405,United Kingdom,False,323,2,167.25,1,3,1,5,Clients à Risque
16406,United Kingdom,False,39,1,163.07,4,2,1,7,Nouveaux Clients
16407,United Kingdom,False,33,10,2126.93,5,5,5,15,Champions
16409,United Kingdom,False,57,5,2028.88,3,4,4,11,Clients Fidèles
16411,United Kingdom,False,40,2,214.65,4,3,1,8,Clients Fidèles
16412,United Kingdom,False,74,1,151.83,3,2,1,6,Clients Moyens
16413,United Kingdom,False,77,1,262.2,3,2,2,7,Clients Moyens
16414,United Kingdom,False,42,2,126.25,4,3,1,8,Clients Fidèles
16415,United Kingdom,False,65,1,210.35,3,2,1,6,Clients Moyens
16416,United Kingdom,False,47,3,1051.4,4,4,4,12,Champions
16418,United Kingdom,False,65,3,675.27,3,4,3,10,Clients Fidèles
16419,United Kingdom,False,133,6,972.23,2,5,4,11,Clients à Risque
16422,United Kingdom,False,38,51,34684.4,4,5,5,14,Champions
16423,United Kingdom,False,45,1,346.12,4,2,2,8,Nouveaux Clients
16424,United Kingdom,False,212,1,133.56,1,2,1,4,Clients Perdus
16425,United Kingdom,False,323,1,302.7,1,2,2,5,Clients Perdus
16426,United Kingdom,False,23,10,1908.25,5,5,4,14,Champions
16427,United Kingdom,False,284,2,241.06,1,3,1,5,Clients à Risque
16429,United Kingdom,False,127,1,284.55,2,2,2,6,Clients Moyens
16430,United Kingdom,False,78,1,300.85,3,2,2,7,Clients Moyens
16431,United Kingdom,False,234,3,642.81,1,4,3,8,Clients à Risque
16432,United Kingdom,False,85,1,287.40000000000003,3,2,2,7,Clients Moyens
16433,United Kingdom,False,49,1,184.26,4,2,1,7,Nouveaux Clients
16434,United Kingdom,False,50,7,1522.25,4,5,4,13,Champions
16438,United Kingdom,False,26,5,798.35,5,4,3,12,Clients Fidèles
16440,United Kingdom,False,28,5,3640.67,5,4,5,14,Champions
16441,United Kingdom,False,88,2,381.2,3,3,2,8,Clients Fidèles
16442,United Kingdom,False,22,3,616.79,5,4,3,12,Clients Fidèles
16444,United Kingdom,False,67,4,654.67,3,4,3,10,Clients Fidèles
16445,United Kingdom,False,54,1,230.51,3,2,1,6,Clients Moyens
16446,United Kingdom,False,21,2,168472.5,5,3,5,13,Clients Fidèles
16447,United Kingdom,False,156,1,259.01,2,2,2,6,Clients Moyens
16448,United Kingdom,False,219,1,188.89,1,2,1,4,Clients Perdus
16449,United Kingdom,False,218,2,707.69,1,3,3,7,Clients à Risque
16450,United Kingdom,False,170,1,311.92,2,2,2,6,Clients Moyens
16451,United Kingdom,False,108,1,266.97,2,2,2,6,Clients Moyens
16454,United Kingdom,False,65,2,6.9,3,3,1,7,Clients Fidèles
16455,United Kingdom,False,84,7,1841.18,3,5,4,12,Clients Fidèles
16456,United Kingdom,False,120,5,2158.37,2,4,5,11,Clients à Risque
16457,United Kingdom,False,239,1,208.36,1,2,1,4,Clients Perdus
16458,United Kingdom,False,23,18,3482.74,5,5,5,15,Champions
16460,United Kingdom,False,49,3,814.72,4,4,3,11,Clients Fidèles
16461,United Kingdom,False,198,1,151.42,2,2,1,5,Clients Moyens
16462,United Kingdom,False,94,3,136.0,2,4,1,7,Clients à Risque
16463,United Kingdom,False,42,4,1422.4,4,4,4,12,Champions
16464,United Kingdom,False,40,3,1314.68,4,4,4,12,Champions
16466,United Kingdom,False,54,7,1603.46,3,5,4,12,Clients Fidèles
16468,United Kingdom,False,95,1,74.9,2,2,1,5,Clients Moyens
16469,United Kingdom,False,44,4,650.43,4,4,3,11,Clients Fidèles
16470,United Kingdom,False,72,4,762.39,3,4,3,10,Clients Fidèles
16471,United Kingdom,False,295,1,223.95,1,2,1,4,Clients Perdus
16473,United Kingdom,False,185,3,316.11,2,4,2,8,Clients à Risque
16474,United Kingdom,False,28,7,1871.5,5,5,4,14,Champions
16475,United Kingdom,False,109,4,544.3,2,4,3,9,Clients à Risque
16477,United Kingdom,False,84,7,2494.46,3,5,5,13,Clients Fidèles
16478,United Kingdom,False,46,3,331.0,4,4,2,10,Clients Fidèles
16479,United Kingdom,False,31,2,300.83,5,3,2,10,Clients Fidèles
16480,United Kingdom,False,96,1,769.29,2,2,3,7,Clients Moyens
16482,United Kingdom,False,36,1,220.62,4,2,1,7,Nouveaux Clients
16483,United Kingdom,False,213,1,139.35,1,2,1,4,Clients Perdus
16484,United Kingdom,False,194,2,404.3,2,3,2,7,Clients à Risque
16485,United Kingdom,False,98,1,363.65,2,2,2,6,Clients Moyens
16488,United Kingdom,False,54,3,498.8,3,4,3,10,Clients Fidèles
16491,United Kingdom,False,67,1,731.5,3,2,3,8,Clients Moyens
16493,United Kingdom,False,100,4,1351.63,2,4,4,10,Clients à Risque
16494,United Kingdom,False,317,1,826.53,1,2,3,6,Clients Perdus
16495,United Kingdom,False,24,3,684.41,5,4,3,12,Clients Fidèles
16496,United Kingdom,False,29,3,1599.52,5,4,4,13,Champions
16497,United Kingdom,False,70,6,2965.69,3,5,5,13,Clients Fidèles
16498,United Kingdom,False,182,2,100.97,2,3,1,6,Clients à Risque
16499,United Kingdom,False,381,2,365.45,1,3,2,6,Clients à Risque
16500,United Kingdom,False,25,6,400.86,5,5,2,12,Clients Fidèles
16503,United Kingdom,False,127,4,1431.93,2,4,4,10,Clients à Risque
16504,United Kingdom,False,46,1,484.38,4,2,2,8,Nouveaux Clients
16505,United Kingdom,True,52,1,777.6,4,2,3,9,Nouveaux Clients
16506,United Kingdom,False,40,2,90.3,4,3,1,8,Clients Fidèles
16509,United Kingdom,False,317,1,363.7000000000001,1,2,2,5,Clients Perdus
16510,United Kingdom,False,393,1,248.1,1,2,1,4,Clients Perdus
16511,United Kingdom,False,42,3,950.26,4,4,4,12,Champions
16513,United Kingdom,False,25,4,874.59,5,4,3,12,Clients Fidèles
16515,United Kingdom,False,73,5,1627.13,3,4,4,11,Clients Fidèles
16516,United Kingdom,False,51,1,101.7,4,2,1,7,Nouveaux Clients
16517,United Kingdom,False,298,1,162.70000000000002,1,2,1,4,Clients Perdus
16518,United Kingdom,False,82,2,484.32,3,3,2,8,Clients Fidèles
16519,United Kingdom,False,46,2,215.08,4,3,1,8,Clients Fidèles
16520,United Kingdom,False,207,3,1046.57,1,4,4,9,Clients à Risque
16523,United Kingdom,False,22,21,9418.47,5,5,5,15,Champions
16525,United Kingdom,False,23,26,13027.45,5,5,5,15,Champions
16526,United Kingdom,False,192,1,290.36,2,2,2,6,Clients Moyens
16527,United Kingdom,False,102,1,228.06,2,2,1,5,Clients Moyens
16528,United Kingdom,False,24,1,244.41,5,2,1,8,Nouveaux Clients
16529,United Kingdom,False,211,1,455.25,1,2,2,5,Clients Perdus
16531,United Kingdom,False,43,7,1244.59,4,5,4,13,Champions
16532,United Kingdom,True,38,3,6748.8,4,4,5,13,Champions
16533,United Kingdom,False,40,3,1095.56,4,4,4,12,Champions
16535,United Kingdom,False,26,1,593.75,5,2,3,10,Nouveaux Clients
16536,United Kingdom,False,131,1,548.97,2,2,3,7,Clients Moyens
16539,United Kingdom,False,23,4,1388.81,5,4,4,13,Champions
16542,United Kingdom,False,74,1,119.62,3,2,1,6,Clients Moyens
16545,United Kingdom,False,185,1,339.3,2,2,2,6,Clients Moyens
16546,United Kingdom,False,311,2,787.15,1,3,3,7,Clients à Risque
16549,United Kingdom,False,31,10,4154.64,5,5,5,15,Champions
16550,United Kingdom,False,129,5,2298.97,2,4,5,11,Clients à Risque
16551,United Kingdom,False,116,3,922.12,2,4,3,9,Clients à Risque
16552,United Kingdom,False,263,2,379.73,1,3,2,6,Clients à Risque
16553,United Kingdom,False,184,12,5719.82,2,5,5,12,Clients à Risque
16554,United Kingdom,False,63,3,837.1,3,4,3,10,Clients Fidèles
16555,United Kingdom,False,56,2,285.89,3,3,2,8,Clients Fidèles
16556,United Kingdom,False,87,7,3313.79,3,5,5,13,Clients Fidèles
16557,United Kingdom,False,45,2,281.85,4,3,2,9,Clients Fidèles
16558,United Kingdom,False,21,20,8338.49,5,5,5,15,Champions
16560,United Kingdom,False,47,2,841.41,4,3,3,10,Clients Fidèles
16561,United Kingdom,False,26,2,511.12,5,3,3,11,Clients Fidèles
16563,United Kingdom,False,74,1,1077.74,3,2,4,9,Clients Moyens
16565,United Kingdom,False,385,1,173.7,1,2,1,4,Clients Perdus
16566,United Kingdom,False,36,5,614.66,4,4,3,11,Clients Fidèles
16567,United Kingdom,False,215,2,865.6,1,3,3,7,Clients à Risque
16569,United Kingdom,False,24,1,124.2,5,2,1,8,Nouveaux Clients
16570,United Kingdom,False,36,10,3738.4,4,5,5,14,Champions
16571,United Kingdom,False,47,3,1421.69,4,4,4,12,Champions
16572,United Kingdom,False,148,3,1009.6,2,4,4,10,Clients à Risque
16573,United Kingdom,False,105,2,663.61,2,3,3,8,Clients à Risque
16574,United Kingdom,False,92,1,451.44,3,2,2,7,Clients Moyens
16581,United Kingdom,False,203,1,105.84,1,2,1,4,Clients Perdus
16582,United Kingdom,False,134,1,313.62,2,2,2,6,Clients Moyens
16583,United Kingdom,False,394,1,233.45,1,2,1,4,Clients Perdus
16584,United Kingdom,False,101,2,936.08,2,3,3,8,Clients à Risque
16586,United Kingdom,False,269,1,463.95,1,2,2,5,Clients Perdus
16587,United Kingdom,False,253,1,225.15,1,2,1,4,Clients Perdus
16589,United Kingdom,False,92,3,459.24,3,4,2,9,Clients Fidèles
16591,United Kingdom,False,89,1,213.5,3,2,1,6,Clients Moyens
16592,United Kingdom,False,25,16,4113.68,5,5,5,15,Champions
16593,United Kingdom,False,71,3,330.03,3,4,2,9,Clients Fidèles
16594,United Kingdom,False,96,1,181.09,2,2,1,5,Clients Moyens
16595,United Kingdom,False,82,1,360.16,3,2,2,7,Clients Moyens
16596,United Kingdom,False,36,2,250.15,4,3,1,8,Clients Fidèles
16597,United Kingdom,False,25,1,90.04,5,2,1,8,Nouveaux Clients
16598,United Kingdom,False,306,1,145.05,1,2,1,4,Clients Perdus
16600,United Kingdom,False,25,6,813.52,5,5,3,13,Clients Fidèles
16601,United Kingdom,False,61,1,244.8,3,2,1,6,Clients Moyens
16602,United Kingdom,False,57,1,528.08,3,2,3,8,Clients Moyens
16603,United Kingdom,False,95,2,482.47,2,3,2,7,Clients à Risque
16607,United Kingdom,False,38,14,3347.71,4,5,5,14,Champions
16609,United Kingdom,False,36,7,5493.46,4,5,5,14,Champions
16610,United Kingdom,False,240,1,75.66,1,2,1,4,Clients Perdus
16611,United Kingdom,False,207,1,129.49,1,2,1,4,Clients Perdus
16612,United Kingdom,False,53,4,1187.66,4,4,4,12,Champions
16613,United Kingdom,False,91,1,618.59,3,2,3,8,Clients Moyens
16614,United Kingdom,False,203,1,506.19,1,2,3,6,Clients Perdus
16616,United Kingdom,False,36,2,500.42,4,3,3,10,Clients Fidèles
16617,United Kingdom,False,256,1,151.85,1,2,1,4,Clients Perdus
16618,United Kingdom,False,52,5,2647.59,4,4,5,13,Champions
16619,United Kingdom,False,284,1,226.21,1,2,1,4,Clients Perdus
16620,United Kingdom,False,24,2,178.96,5,3,1,9,Clients Fidèles
16621,United Kingdom,False,72,4,813.48,3,4,3,10,Clients Fidèles
16623,United Kingdom,False,266,1,129.45000000000002,1,2,1,4,Clients Perdus
16624,United Kingdom,False,101,2,810.57,2,3,3,8,Clients à Risque
16625,United Kingdom,False,295,1,333.08,1,2,2,5,Clients Perdus
16626,United Kingdom,False,21,17,4413.1,5,5,5,15,Champions
16627,United Kingdom,False,100,1,322.8,2,2,2,6,Clients Moyens
16628,United Kingdom,False,50,5,2188.05,4,4,5,13,Champions
16629,United Kingdom,False,94,2,417.73,2,3,2,7,Clients à Risque
16633,United Kingdom,False,38,6,2883.1,4,5,5,14,Champions
16634,United Kingdom,False,243,2,217.9,1,3,1,5,Clients à Risque
16637,United Kingdom,False,53,4,1154.47,4,4,4,12,Champions
16638,United Kingdom,False,43,10,1680.72,4,5,4,13,Champions
16639,United Kingdom,False,52,3,1257.51,4,4,4,12,Champions
16641,United Kingdom,False,126,1,231.1,2,2,1,5,Clients Moyens
16642,United Kingdom,False,25,2,688.33,5,3,3,11,Clients Fidèles
16643,United Kingdom,False,266,1,487.51,1,2,2,5,Clients Perdus
16644,United Kingdom,False,198,2,833.78,2,3,3,8,Clients à Risque
16647,United Kingdom,False,190,2,214.06,2,3,1,6,Clients à Risque
16648,United Kingdom,False,63,1,290.66,3,2,2,7,Clients Moyens
16650,United Kingdom,False,92,1,518.42,3,2,3,8,Clients Moyens
16652,United Kingdom,False,79,7,6773.97,3,5,5,13,Clients Fidèles
16653,United Kingdom,False,37,2,1212.66,4,3,4,11,Clients Fidèles
16654,United Kingdom,False,162,4,601.27,2,4,3,9,Clients à Risque
16655,United Kingdom,False,38,6,3794.52,4,5,5,14,Champions
16656,United Kingdom,True,43,15,8625.8,4,5,5,14,Champions
16657,United Kingdom,False,30,4,933.62,5,4,3,12,Clients Fidèles
16658,United Kingdom,False,389,1,123.24,1,2,1,4,Clients Perdus
16659,United Kingdom,False,210,1,39.12,1,2,1,4,Clients Perdus
16660,United Kingdom,False,37,4,1267.65,4,4,4,12,Champions
16665,United Kingdom,False,383,1,135.4,1,2,1,4,Clients Perdus
16666,United Kingdom,False,40,1,118.98,4,2,1,7,Nouveaux Clients
16667,United Kingdom,False,89,2,570.13,3,3,3,9,Clients Fidèles
16668,United Kingdom,False,36,6,306.72,4,5,2,11,Clients Fidèles
16669,United Kingdom,False,44,3,1374.87,4,4,4,12,Champions
16670,United Kingdom,False,37,11,4095.9,4,5,5,14,Champions
16671,United Kingdom,True,49,3,1692.27,4,4,4,12,Champions
16672,United Kingdom,False,23,20,8134.94,5,5,5,15,Champions
16674,United Kingdom,False,75,2,319.61,3,3,2,8,Clients Fidèles
16676,United Kingdom,False,54,4,1592.12,3,4,4,11,Clients Fidèles
16678,United Kingdom,False,23,12,3109.99,5,5,5,15,Champions
16679,United Kingdom,False,387,1,129.75,1,2,1,4,Clients Perdus
16680,United Kingdom,False,64,1,183.7,3,2,1,6,Clients Moyens
16681,United Kingdom,False,93,6,1770.34,2,5,4,11,Clients à Risque
16682,United Kingdom,False,25,5,1028.0,5,4,4,13,Champions
16684,United Kingdom,True,25,28,66653.56,5,5,5,15,Champions
16685,United Kingdom,False,82,2,324.24,3,3,2,8,Clients Fidèles
16686,United Kingdom,False,68,7,3062.83,3,5,5,13,Clients Fidèles
16688,United Kingdom,False,22,4,1260.86,5,4,4,13,Champions
16689,United Kingdom,False,96,2,422.6,2,3,2,7,Clients à Risque
16690,United Kingdom,False,93,2,225.58,2,3,1,6,Clients à Risque
16692,United Kingdom,False,277,2,1276.0,1,3,4,8,Clients à Risque
16693,United Kingdom,False,89,2,482.01,3,3,2,8,Clients Fidèles
16696,United Kingdom,False,156,4,657.9,2,4,3,9,Clients à Risque
16697,United Kingdom,False,262,1,112.75,1,2,1,4,Clients Perdus
16698,United Kingdom,True,247,2,1998.0,1,3,4,8,Clients à Risque
16700,United Kingdom,False,29,13,5076.55,5,5,5,15,Champions
16701,United Kingdom,False,29,13,5398.3,5,5,5,15,Champions
16705,United Kingdom,False,21,20,14034.99,5,5,5,15,Champions
16706,United Kingdom,False,58,3,531.35,3,4,3,10,Clients Fidèles
16708,United Kingdom,False,66,1,656.63,3,2,3,8,Clients Moyens
16709,United Kingdom,False,105,5,3029.87,2,4,5,11,Clients à Risque
16710,United Kingdom,False,40,10,2483.04,4,5,5,14,Champions
16711,United Kingdom,False,24,5,1651.03,5,4,4,13,Champions
16712,United Kingdom,False,30,11,3645.43,5,5,5,15,Champions
16713,United Kingdom,False,39,15,6923.13,4,5,5,14,Champions
16714,United Kingdom,False,239,3,1161.53,1,4,4,9,Clients à Risque
16715,United Kingdom,False,99,1,301.72,2,2,2,6,Clients Moyens
16716,United Kingdom,True,287,2,901.2,1,3,3,7,Clients à Risque
16717,United Kingdom,False,44,6,3858.38,4,5,5,14,Champions
16718,United Kingdom,False,390,1,623.75,1,2,3,6,Clients Perdus
16719,United Kingdom,False,35,7,1790.42,4,5,4,13,Champions
16720,United Kingdom,False,47,1,155.24,4,2,1,7,Nouveaux Clients
16721,United Kingdom,False,283,1,292.47,1,2,2,5,Clients Perdus
16722,United Kingdom,False,38,13,4730.81,4,5,5,14,Champions
16723,United Kingdom,False,112,2,589.15,2,3,3,8,Clients à Risque
16725,United Kingdom,False,323,7,781.02,1,5,3,9,Clients à Risque
16726,United Kingdom,False,47,5,1382.02,4,4,4,12,Champions
16727,United Kingdom,False,385,1,272.82,1,2,2,5,Clients Perdus
16728,United Kingdom,False,67,4,1054.67,3,4,4,11,Clients Fidèles
16729,United Kingdom,False,59,21,7239.92,3,5,5,13,Clients Fidèles
16730,United Kingdom,False,73,3,743.11,3,4,3,10,Clients Fidèles
16732,United Kingdom,False,52,1,603.75,4,2,3,9,Nouveaux Clients
16734,United Kingdom,False,73,3,650.51,3,4,3,10,Clients Fidèles
16735,United Kingdom,False,99,5,2300.56,2,4,5,11,Clients à Risque
16737,United Kingdom,True,74,1,417.6,3,2,2,7,Clients Moyens
16738,United Kingdom,False,318,1,3.75,1,2,1,4,Clients Perdus
16739,United Kingdom,False,197,1,323.0,2,2,2,6,Clients Moyens
16742,United Kingdom,False,67,1,464.9,3,2,2,7,Clients Moyens
16743,United Kingdom,False,50,7,2238.09,4,5,5,14,Champions
16744,United Kingdom,False,32,7,1304.76,5,5,4,14,Champions
16745,United Kingdom,False,107,17,7194.3,2,5,5,12,Clients à Risque
16746,United Kingdom,False,25,18,6697.66,5,5,5,15,Champions
16747,United Kingdom,False,58,2,836.0600000000001,3,3,3,9,Clients Fidèles
16748,United Kingdom,False,38,5,1515.9,4,4,4,12,Champions
16750,United Kingdom,False,65,5,623.93,3,4,3,10,Clients Fidèles
16751,United Kingdom,False,51,1,1764.72,4,2,4,10,Nouveaux Clients
16752,United Kingdom,False,393,1,207.5,1,2,1,4,Clients Perdus
16753,United Kingdom,False,79,1,223.92,3,2,1,6,Clients Moyens
16754,United Kingdom,True,393,1,2002.4,1,2,4,7,Clients Perdus
16755,United Kingdom,False,135,3,1496.83,2,4,4,10,Clients à Risque
16756,United Kingdom,False,235,1,239.4,1,2,1,4,Clients Perdus
16757,United Kingdom,False,339,1,106.83,1,2,1,4,Clients Perdus
16758,United Kingdom,False,86,1,369.34,3,2,2,7,Clients Moyens
16759,United Kingdom,False,28,3,789.79,5,4,3,12,Clients Fidèles
16761,United Kingdom,False,117,1,316.62,2,2,2,6,Clients Moyens
16762,United Kingdom,False,40,3,1501.38,4,4,4,12,Champions
16763,United Kingdom,False,219,1,611.8499999999999,1,2,3,6,Clients Perdus
16764,United Kingdom,False,24,13,2799.25,5,5,5,15,Champions
16765,United Kingdom,False,315,1,34.0,1,2,1,4,Clients Perdus
16766,United Kingdom,False,294,2,1145.6,1,3,4,8,Clients à Risque
16767,United Kingdom,False,51,11,5580.6,4,5,5,14,Champions
16768,United Kingdom,False,68,3,478.09,3,4,2,9,Clients Fidèles
16769,United Kingdom,False,281,1,380.39,1,2,2,5,Clients Perdus
16770,United Kingdom,False,78,5,770.1,3,4,3,10,Clients Fidèles
16771,United Kingdom,False,54,5,2246.81,3,4,5,12,Clients Fidèles
16773,United Kingdom,False,78,1,171.59,3,2,1,6,Clients Moyens
16774,United Kingdom,False,88,4,661.52,3,4,3,10,Clients Fidèles
16775,United Kingdom,False,31,11,1695.66,5,5,4,14,Champions
16776,United Kingdom,False,81,1,388.28,3,2,2,7,Clients Moyens
16777,United Kingdom,False,101,2,226.35,2,3,1,6,Clients à Risque
16778,United Kingdom,False,95,2,245.94,2,3,1,6,Clients à Risque
16779,United Kingdom,False,23,22,10629.72,5,5,5,15,Champions
16780,United Kingdom,False,121,2,425.19,2,3,2,7,Clients à Risque
16781,United Kingdom,False,393,1,311.25,1,2,2,5,Clients Perdus
16782,United Kingdom,False,31,13,2279.9,5,5,5,15,Champions
16784,United Kingdom,False,40,1,107.6,4,2,1,7,Nouveaux Clients
16788,United Kingdom,False,144,2,597.48,2,3,3,8,Clients à Risque
16789,United Kingdom,False,29,1,80.80000000000001,5,2,1,8,Nouveaux Clients
16790,United Kingdom,False,24,6,1545.62,5,5,4,14,Champions
16791,United Kingdom,False,50,7,1721.78,4,5,4,13,Champions
16792,United Kingdom,False,303,2,110.38,1,3,1,5,Clients à Risque
16793,United Kingdom,False,78,1,243.84,3,2,1,6,Clients Moyens
16794,United Kingdom,False,22,10,1222.71,5,5,4,14,Champions
16795,United Kingdom,False,386,1,414.88,1,2,2,5,Clients Perdus
16796,United Kingdom,False,110,1,305.62,2,2,2,6,Clients Moyens
16800,United Kingdom,False,32,1,1201.49,5,2,4,11,Nouveaux Clients
16801,United Kingdom,False,184,4,1619.73,2,4,4,10,Clients à Risque
16803,United Kingdom,False,86,1,332.3,3,2,2,7,Clients Moyens
16804,United Kingdom,False,44,3,536.99,4,4,3,11,Clients Fidèles
16805,United Kingdom,False,194,2,460.59,2,3,2,7,Clients à Risque
16806,United Kingdom,False,124,4,801.49,2,4,3,9,Clients à Risque
16807,United Kingdom,False,163,3,1121.59,2,4,4,10,Clients à Risque
16808,United Kingdom,False,120,2,288.42,2,3,2,7,Clients à Risque
16809,United Kingdom,False,44,5,914.69,4,4,3,11,Clients Fidèles
16810,United Kingdom,False,213,1,309.54,1,2,2,5,Clients Perdus
16811,United Kingdom,False,25,2,547.07,5,3,3,11,Clients Fidèles
16812,United Kingdom,False,381,1,479.35,1,2,2,5,Clients Perdus
16813,United Kingdom,False,29,10,1692.98,5,5,4,14,Champions
16814,United Kingdom,False,35,21,6509.1,4,5,5,14,Champions
16816,United Kingdom,False,124,4,417.06,2,4,2,8,Clients à Risque
16817,United Kingdom,False,23,9,1604.75,5,5,4,14,Champions
16818,United Kingdom,False,31,11,3349.57,5,5,5,15,Champions
16820,United Kingdom,False,116,1,497.61,2,2,3,7,Clients Moyens
16823,United Kingdom,False,248,1,358.38,1,2,2,5,Clients Perdus
16824,United Kingdom,False,36,2,460.64,4,3,2,9,Clients Fidèles
16825,United Kingdom,False,59,2,775.18,3,3,3,9,Clients Fidèles
16826,United Kingdom,False,72,1,341.7,3,2,2,7,Clients Moyens
16828,United Kingdom,False,114,2,128.5,2,3,1,6,Clients à Risque
16829,United Kingdom,False,177,1,197.22,2,2,1,5,Clients Moyens
16830,United Kingdom,False,59,1,325.91,3,2,2,7,Clients Moyens
16832,United Kingdom,False,205,3,199.15,1,4,1,6,Clients à Risque
16833,United Kingdom,False,22,4,1106.53,5,4,4,13,Champions
16834,United Kingdom,False,248,1,413.46,1,2,2,5,Clients Perdus
16835,United Kingdom,False,149,2,180.85,2,3,1,6,Clients à Risque
16836,United Kingdom,False,60,2,251.87,3,3,2,8,Clients Fidèles
16837,United Kingdom,False,52,11,3170.98,4,5,5,14,Champions
16838,United Kingdom,False,218,2,588.85,1,3,3,7,Clients à Risque
16839,United Kingdom,False,29,34,16594.35,5,5,5,15,Champions
16841,United Kingdom,False,57,6,1869.82,3,5,4,12,Clients Fidèles
16842,United Kingdom,False,121,3,1264.19,2,4,4,10,Clients à Risque
16843,United Kingdom,False,63,16,10196.57,3,5,5,13,Clients Fidèles
16846,United Kingdom,False,71,1,214.32,3,2,1,6,Clients Moyens
16847,United Kingdom,False,64,1,193.44,3,2,1,6,Clients Moyens
16848,United Kingdom,False,73,1,281.42,3,2,2,7,Clients Moyens
16849,United Kingdom,False,207,1,124.57,1,2,1,4,Clients Perdus
16850,United Kingdom,False,354,1,332.41,1,2,2,5,Clients Perdus
16851,United Kingdom,False,25,3,342.45,5,4,2,11,Clients Fidèles
16852,United Kingdom,False,31,2,144.91,5,3,1,9,Clients Fidèles
16855,United Kingdom,False,44,2,328.40000000000003,4,3,2,9,Clients Fidèles
16856,United Kingdom,False,35,1,35.400000000000006,4,2,1,7,Nouveaux Clients
16858,United Kingdom,False,389,1,375.69000000000005,1,2,2,5,Clients Perdus
16859,United Kingdom,False,165,2,747.81,2,3,3,8,Clients à Risque
16861,United Kingdom,False,80,2,173.76,3,3,1,7,Clients Fidèles
16863,United Kingdom,False,52,2,502.8,4,3,3,10,Clients Fidèles
16866,United Kingdom,False,161,3,207.74,2,4,1,7,Clients à Risque
16869,United Kingdom,False,43,4,825.4200000000001,4,4,3,11,Clients Fidèles
16871,United Kingdom,False,43,6,2812.34,4,5,5,14,Champions
16872,United Kingdom,True,98,3,680.02,2,4,3,9,Clients à Risque
16873,United Kingdom,False,25,6,7123.62,5,5,5,15,Champions
16875,United Kingdom,False,88,5,2095.53,3,4,5,12,Clients Fidèles
16877,United Kingdom,False,33,6,853.72,5,5,3,13,Clients Fidèles
16878,United Kingdom,False,105,1,13.3,2,2,1,5,Clients Moyens
16880,United Kingdom,False,51,7,1519.08,4,5,4,13,Champions
16881,United Kingdom,True,87,1,432.0,3,2,2,7,Clients Moyens
16882,United Kingdom,False,87,3,705.12,3,4,3,10,Clients Fidèles
16883,United Kingdom,False,208,2,276.73,1,3,2,6,Clients à Risque
16884,United Kingdom,False,58,2,429.84,3,3,2,8,Clients Fidèles
16885,United Kingdom,False,36,3,471.51,4,4,2,10,Clients Fidèles
16887,United Kingdom,False,56,1,194.88,3,2,1,6,Clients Moyens
16889,United Kingdom,False,215,3,1578.67,1,4,4,9,Clients à Risque
16891,United Kingdom,False,22,5,809.7,5,4,3,12,Clients Fidèles
16892,United Kingdom,False,22,5,525.54,5,4,3,12,Clients Fidèles
16893,United Kingdom,False,387,1,145.93,1,2,1,4,Clients Perdus
16895,United Kingdom,False,85,1,219.14,3,2,1,6,Clients Moyens
16897,United Kingdom,False,320,2,289.78,1,3,2,6,Clients à Risque
16898,United Kingdom,False,47,3,508.81,4,4,3,11,Clients Fidèles
16899,United Kingdom,False,28,6,1281.56,5,5,4,14,Champions
16900,United Kingdom,False,37,3,887.11,4,4,3,11,Clients Fidèles
16902,United Kingdom,False,137,1,1706.88,2,2,4,8,Clients Moyens
16903,United Kingdom,False,50,1,373.24,4,2,2,8,Nouveaux Clients
16904,United Kingdom,False,25,16,3754.27,5,5,5,15,Champions
16905,United Kingdom,False,26,7,3102.43,5,5,5,15,Champions
16906,United Kingdom,False,102,4,579.77,2,4,3,9,Clients à Risque
16907,United Kingdom,False,50,5,981.65,4,4,4,12,Champions
16909,United Kingdom,False,93,1,379.14,2,2,2,6,Clients Moyens
16910,United Kingdom,False,25,8,1510.06,5,5,4,14,Champions
16912,United Kingdom,False,49,11,2575.38,4,5,5,14,Champions
16913,United Kingdom,False,311,1,113.44,1,2,1,4,Clients Perdus
16914,United Kingdom,False,57,1,208.46,3,2,1,6,Clients Moyens
16915,United Kingdom,False,30,6,621.6800000000001,5,5,3,13,Clients Fidèles
16916,United Kingdom,False,44,2,576.26,4,3,3,10,Clients Fidèles
16917,United Kingdom,False,297,1,391.52,1,2,2,5,Clients Perdus
16918,United Kingdom,False,70,6,1068.82,3,5,4,12,Clients Fidèles
16919,United Kingdom,False,177,11,2596.45,2,5,5,12,Clients à Risque
16921,United Kingdom,False,82,1,169.79,3,2,1,6,Clients Moyens
16923,United Kingdom,False,33,19,7247.61,5,5,5,15,Champions
16924,United Kingdom,False,42,3,846.75,4,4,3,11,Clients Fidèles
16926,United Kingdom,False,392,1,230.25,1,2,1,4,Clients Perdus
16927,United Kingdom,False,136,3,543.05,2,4,3,9,Clients à Risque
16928,United Kingdom,False,101,17,2847.6,2,5,5,12,Clients à Risque
16929,United Kingdom,False,24,7,1295.39,5,5,4,14,Champions
16930,United Kingdom,False,47,3,380.55,4,4,2,10,Clients Fidèles
16931,United Kingdom,False,26,21,4604.22,5,5,5,15,Champions
16932,United Kingdom,False,74,1,161.94,3,2,1,6,Clients Moyens
16933,United Kingdom,False,22,2,563.23,5,3,3,11,Clients Fidèles
16934,United Kingdom,False,75,2,950.93,3,3,4,10,Clients Fidèles
16936,United Kingdom,False,46,1,262.68,4,2,2,8,Nouveaux Clients
16938,United Kingdom,False,29,4,2736.38,5,4,5,14,Champions
16940,United Kingdom,False,73,3,3049.88,3,4,5,12,Clients Fidèles
16942,United Kingdom,False,33,9,1920.59,5,5,4,14,Champions
16943,United Kingdom,False,232,3,816.73,1,4,3,8,Clients à Risque
16945,United Kingdom,False,42,19,4345.5,4,5,5,14,Champions
16947,United Kingdom,False,256,1,406.48,1,2,2,5,Clients Perdus
16948,United Kingdom,False,159,3,435.02,2,4,2,8,Clients à Risque
16949,United Kingdom,False,24,6,1286.27,5,5,4,14,Champions
16950,United Kingdom,False,77,3,1178.56,3,4,4,11,Clients Fidèles
16951,United Kingdom,False,155,3,1277.75,2,4,4,10,Clients à Risque
16952,United Kingdom,False,130,2,167.61,2,3,1,6,Clients à Risque
16953,United Kingdom,False,51,1,20.8,4,2,1,7,Nouveaux Clients
16954,United Kingdom,False,21,9,2085.08,5,5,5,15,Champions
16955,United Kingdom,False,205,4,518.67,1,4,3,8,Clients à Risque
16956,United Kingdom,False,38,1,308.74,4,2,2,8,Nouveaux Clients
16957,United Kingdom,False,260,2,416.64,1,3,2,6,Clients à Risque
16959,United Kingdom,False,108,1,117.35,2,2,1,5,Clients Moyens
16960,United Kingdom,False,59,3,507.05,3,4,3,10,Clients Fidèles
16961,United Kingdom,False,137,1,234.17,2,2,1,5,Clients Moyens
16963,United Kingdom,False,208,1,110.55,1,2,1,4,Clients Perdus
16965,United Kingdom,False,247,1,201.19,1,2,1,4,Clients Perdus
16966,United Kingdom,False,29,7,2154.97,5,5,5,15,Champions
16967,United Kingdom,False,210,1,319.02,1,2,2,5,Clients Perdus
16968,United Kingdom,False,25,2,439.43,5,3,2,10,Clients Fidèles
16969,United Kingdom,False,60,3,650.41,3,4,3,10,Clients Fidèles
16971,United Kingdom,False,59,1,357.21,3,2,2,7,Clients Moyens
16976,United Kingdom,False,288,1,251.52,1,2,2,5,Clients Perdus
16978,United Kingdom,False,98,1,344.33,2,2,2,6,Clients Moyens
16979,United Kingdom,False,24,6,1852.0,5,5,4,14,Champions
16980,United Kingdom,False,276,2,1078.96,1,3,4,8,Clients à Risque
16982,United Kingdom,False,81,1,384.06,3,2,2,7,Clients Moyens
16983,United Kingdom,False,33,7,1931.25,5,5,4,14,Champions
16984,United Kingdom,False,109,2,4481.35,2,3,5,10,Clients à Risque
16985,United Kingdom,False,38,10,5464.12,4,5,5,14,Champions
16986,United Kingdom,False,50,2,1873.2,4,3,4,11,Clients Fidèles
16987,United Kingdom,False,24,7,1625.05,5,5,4,14,Champions
16988,United Kingdom,False,26,1,126.12,5,2,1,8,Nouveaux Clients
16989,United Kingdom,True,28,6,1133.25,5,5,4,14,Champions
16990,United Kingdom,True,239,1,179.0,1,2,1,4,Clients Perdus
16992,United Kingdom,False,31,5,1614.31,5,4,4,13,Champions
16996,United Kingdom,False,51,6,1456.96,4,5,4,13,Champions
16997,United Kingdom,False,309,3,702.0,1,4,3,8,Clients à Risque
16998,United Kingdom,False,170,4,295.0,2,4,2,8,Clients à Risque
16999,United Kingdom,False,44,2,484.82,4,3,2,9,Clients Fidèles
17001,United Kingdom,False,21,11,3989.57,5,5,5,15,Champions
17002,United Kingdom,False,106,3,1493.73,2,4,4,10,Clients à Risque
17004,United Kingdom,False,67,2,1412.94,3,3,4,10,Clients Fidèles
17006,United Kingdom,False,25,4,781.78,5,4,3,12,Clients Fidèles
17007,United Kingdom,False,71,6,889.9300000000001,3,5,3,11,Clients Fidèles
17010,United Kingdom,False,39,1,195.36,4,2,1,7,Nouveaux Clients
17011,United Kingdom,False,51,1,270.9,4,2,2,8,Nouveaux Clients
17014,United Kingdom,False,29,3,586.33,5,4,3,12,Clients Fidèles
17015,United Kingdom,False,49,3,1842.56,4,4,4,12,Champions
17017,United Kingdom,False,23,20,8694.26,5,5,5,15,Champions
17018,United Kingdom,False,61,2,920.1,3,3,3,9,Clients Fidèles
17019,United Kingdom,False,32,4,1272.61,5,4,4,13,Champions
17022,United Kingdom,False,52,1,71.0,4,2,1,7,Nouveaux Clients
17024,United Kingdom,False,66,3,95.85,3,4,1,8,Clients Fidèles
17025,United Kingdom,False,81,3,357.77,3,4,2,9,Clients Fidèles
17026,United Kingdom,False,206,2,154.83,1,3,1,5,Clients à Risque
17027,United Kingdom,False,99,6,890.29,2,5,3,10,Clients à Risque
17029,United Kingdom,True,131,2,716.0,2,3,3,8,Clients à Risque
17030,United Kingdom,False,84,1,146.87,3,2,1,6,Clients Moyens
17031,United Kingdom,False,32,2,380.35,5,3,2,10,Clients Fidèles
17033,United Kingdom,False,107,3,1030.14,2,4,4,10,Clients à Risque
17034,United Kingdom,False,37,3,745.52,4,4,3,11,Clients Fidèles
17035,United Kingdom,False,266,2,433.53,1,3,2,6,Clients à Risque
17037,United Kingdom,False,108,1,1267.32,2,2,4,8,Clients Moyens
17038,United Kingdom,False,51,1,112.4,4,2,1,7,Nouveaux Clients
17040,United Kingdom,False,158,1,449.73,2,2,2,6,Clients Moyens
17041,United Kingdom,False,47,3,1081.57,4,4,4,12,Champions
17042,United Kingdom,False,23,5,1044.38,5,4,4,13,Champions
17043,United Kingdom,False,53,4,1735.18,4,4,4,12,Champions
17044,United Kingdom,True,46,1,948.48,4,2,4,10,Nouveaux Clients
17045,United Kingdom,False,134,3,339.44,2,4,2,8,Clients à Risque
17046,United Kingdom,False,178,1,642.02,2,2,3,7,Clients Moyens
17047,United Kingdom,False,106,3,1100.9,2,4,4,10,Clients à Risque
17048,United Kingdom,False,138,3,925.35,2,4,3,9,Clients à Risque
17049,United Kingdom,False,23,9,5659.9800000000005,5,5,5,15,Champions
17050,United Kingdom,False,117,6,3228.84,2,5,5,12,Clients à Risque
17051,United Kingdom,False,215,1,247.14,1,2,1,4,Clients Perdus
17052,United Kingdom,False,49,1,413.75,4,2,2,8,Nouveaux Clients
17053,United Kingdom,False,151,1,498.48,2,2,3,7,Clients Moyens
17054,United Kingdom,False,49,5,1356.33,4,4,4,12,Champions
17058,United Kingdom,False,102,3,1179.89,2,4,4,10,Clients à Risque
17059,United Kingdom,False,50,5,3095.04,4,4,5,13,Champions
17060,United Kingdom,False,287,1,234.24,1,2,1,4,Clients Perdus
17061,United Kingdom,False,94,11,5232.2300000000005,2,5,5,12,Clients à Risque
17062,United Kingdom,False,334,4,538.37,1,4,3,8,Clients à Risque
17063,United Kingdom,False,42,7,1461.14,4,5,4,13,Champions
17064,United Kingdom,False,79,3,859.35,3,4,3,10,Clients Fidèles
17068,United Kingdom,False,33,21,4552.14,5,5,5,15,Champions
17069,United Kingdom,False,49,9,2709.7000000000003,4,5,5,14,Champions
17070,United Kingdom,False,135,1,312.14,2,2,2,6,Clients Moyens
17071,United Kingdom,False,49,9,2429.03,4,5,5,14,Champions
17073,United Kingdom,False,38,4,1446.09,4,4,4,12,Champions
17075,United Kingdom,False,38,4,834.12,4,4,3,11,Clients Fidèles
17076,United Kingdom,False,57,3,841.0799999999999,3,4,3,10,Clients Fidèles
17078,United Kingdom,False,57,2,378.2,3,3,2,8,Clients Fidèles
17079,United Kingdom,False,99,1,118.8,2,2,1,5,Clients Moyens
17080,United Kingdom,False,43,2,287.62,4,3,2,9,Clients Fidèles
17081,United Kingdom,False,46,2,290.16,4,3,2,9,Clients Fidèles
17082,United Kingdom,False,54,2,2003.85,3,3,4,10,Clients Fidèles
17083,United Kingdom,False,130,3,1405.78,2,4,4,10,Clients à Risque
17084,United Kingdom,False,56,2,2949.75,3,3,5,11,Clients Fidèles
17085,United Kingdom,False,144,5,1566.65,2,4,4,10,Clients à Risque
17086,United Kingdom,False,28,6,2050.08,5,5,4,14,Champions
17088,United Kingdom,False,49,4,1991.01,4,4,4,12,Champions
17090,United Kingdom,False,25,7,2043.95,5,5,4,14,Champions
17091,United Kingdom,False,23,9,3827.76,5,5,5,15,Champions
17092,United Kingdom,False,71,4,1777.78,3,4,4,11,Clients Fidèles
17094,United Kingdom,False,343,1,302.0,1,2,2,5,Clients Perdus
17095,United Kingdom,False,43,3,1324.16,4,4,4,12,Champions
17096,United Kingdom,False,36,4,1022.13,4,4,4,12,Champions
17097,Spain,False,23,8,954.42,5,5,4,14,Champions
17100,United Kingdom,False,39,2,971.74,4,3,4,11,Clients Fidèles
17101,United Kingdom,False,31,4,1621.73,5,4,4,13,Champions
17102,United Kingdom,False,282,1,25.5,1,2,1,4,Clients Perdus
17105,United Kingdom,False,180,2,665.78,2,3,3,8,Clients à Risque
17107,United Kingdom,False,54,6,10815.43,3,5,5,13,Clients Fidèles
17109,United Kingdom,False,50,6,885.04,4,5,3,12,Clients Fidèles
17110,United Kingdom,False,186,1,163.29999999999998,2,2,1,5,Clients Moyens
17111,United Kingdom,False,68,1,248.61,3,2,1,6,Clients Moyens
17114,United Kingdom,False,26,8,808.62,5,5,3,13,Clients Fidèles
17115,United Kingdom,False,29,3,837.5,5,4,3,12,Clients Fidèles
17117,United Kingdom,False,309,1,116.2,1,2,1,4,Clients Perdus
17118,United Kingdom,False,338,1,157.02,1,2,1,4,Clients Perdus
17119,United Kingdom,False,24,2,606.91,5,3,3,11,Clients Fidèles
17120,United Kingdom,False,254,1,307.46,1,2,2,5,Clients Perdus
17122,United Kingdom,False,140,1,138.32,2,2,1,5,Clients Moyens
17123,United Kingdom,False,182,1,345.3,2,2,2,6,Clients Moyens
17124,United Kingdom,False,206,1,298.89,1,2,2,5,Clients Perdus
17125,United Kingdom,False,71,1,259.35,3,2,2,7,Clients Moyens
17126,United Kingdom,False,173,5,1004.75,2,4,4,10,Clients à Risque
17128,United Kingdom,False,355,1,157.09,1,2,1,4,Clients Perdus
17131,United Kingdom,False,26,5,2463.17,5,4,5,14,Champions
17133,United Kingdom,True,36,7,4892.240000000001,4,5,5,14,Champions
17134,United Kingdom,False,127,2,425.0,2,3,2,7,Clients à Risque
17135,United Kingdom,False,37,7,1139.73,4,5,4,13,Champions
17138,United Kingdom,False,296,1,380.5,1,2,2,5,Clients Perdus
17139,United Kingdom,False,36,12,10668.47,4,5,5,14,Champions
17140,United Kingdom,False,268,1,465.32,1,2,2,5,Clients Perdus
17142,United Kingdom,False,260,1,579.0,1,2,3,6,Clients Perdus
17144,United Kingdom,False,22,2,984.57,5,3,4,12,Clients Fidèles
17146,United Kingdom,False,126,3,749.78,2,4,3,9,Clients à Risque
17147,United Kingdom,False,43,4,1714.59,4,4,4,12,Champions
17148,United Kingdom,False,72,1,124.88,3,2,1,6,Clients Moyens
17152,United Kingdom,False,215,3,1689.5,1,4,4,9,Clients à Risque
17153,United Kingdom,False,45,1,213.78,4,2,1,7,Nouveaux Clients
17154,United Kingdom,False,96,1,329.34,2,2,2,6,Clients Moyens
17155,United Kingdom,False,38,2,251.7,4,3,2,9,Clients Fidèles
17157,United Kingdom,False,28,2,319.0,5,3,2,10,Clients Fidèles
17158,United Kingdom,False,53,3,1266.97,4,4,4,12,Champions
17159,United Kingdom,False,42,3,1538.88,4,4,4,12,Champions
17160,United Kingdom,False,52,6,3518.03,4,5,5,14,Champions
17162,United Kingdom,False,49,10,1715.46,4,5,4,13,Champions
17163,United Kingdom,False,42,2,293.1,4,3,2,9,Clients Fidèles
17164,United Kingdom,False,53,7,2467.35,4,5,5,14,Champions
17165,United Kingdom,False,305,1,158.68,1,2,1,4,Clients Perdus
17166,United Kingdom,False,59,2,206.34,3,3,1,7,Clients Fidèles
17169,United Kingdom,False,78,2,835.78,3,3,3,9,Clients Fidèles
17171,United Kingdom,False,310,1,224.91,1,2,1,4,Clients Perdus
17172,United Kingdom,False,99,1,317.76,2,2,2,6,Clients Moyens
17173,United Kingdom,False,26,8,3766.6,5,5,5,15,Champions
17174,United Kingdom,False,238,1,59.9,1,2,1,4,Clients Perdus
17175,United Kingdom,False,65,4,1443.69,3,4,4,11,Clients Fidèles
17176,United Kingdom,False,222,1,306.13,1,2,2,5,Clients Perdus
17179,United Kingdom,False,199,3,711.79,2,4,3,9,Clients à Risque
17180,United Kingdom,False,77,4,796.03,3,4,3,10,Clients Fidèles
17181,United Kingdom,False,78,2,239.92,3,3,1,7,Clients Fidèles
17183,United Kingdom,False,28,6,3347.31,5,5,5,15,Champions
17186,United Kingdom,True,67,2,144.0,3,3,1,7,Clients Fidèles
17187,United Kingdom,False,247,1,203.95,1,2,1,4,Clients Perdus
17188,United Kingdom,False,32,7,2474.23,5,5,5,15,Champions
17189,United Kingdom,False,127,2,384.4,2,3,2,7,Clients à Risque
17190,United Kingdom,False,79,2,444.74,3,3,2,8,Clients Fidèles
17191,United Kingdom,False,49,7,2095.13,4,5,5,14,Champions
17193,United Kingdom,False,56,7,1699.3,3,5,4,12,Clients Fidèles
17194,United Kingdom,False,294,2,262.62,1,3,2,6,Clients à Risque
17197,United Kingdom,False,50,1,1013.01,4,2,4,10,Nouveaux Clients
17198,United Kingdom,False,44,3,692.22,4,4,3,11,Clients Fidèles
17201,United Kingdom,False,74,1,342.63,3,2,2,7,Clients Moyens
17203,United Kingdom,False,56,6,3563.85,3,5,5,13,Clients Fidèles
17204,United Kingdom,False,196,4,1564.56,2,4,4,10,Clients à Risque
17205,United Kingdom,False,74,1,384.08,3,2,2,7,Clients Moyens
17206,United Kingdom,False,74,1,204.24,3,2,1,6,Clients Moyens
17211,United Kingdom,False,47,8,2317.2200000000003,4,5,5,14,Champions
17212,United Kingdom,False,274,1,226.85,1,2,1,4,Clients Perdus
17213,United Kingdom,False,61,7,2781.23,3,5,5,13,Clients Fidèles
17214,United Kingdom,False,81,6,1069.12,3,5,4,12,Clients Fidèles
17217,United Kingdom,False,255,1,113.5,1,2,1,4,Clients Perdus
17218,United Kingdom,False,25,10,1960.72,5,5,4,14,Champions
17219,United Kingdom,False,52,1,114.23,4,2,1,7,Nouveaux Clients
17220,United Kingdom,False,45,14,3198.25,4,5,5,14,Champions
17221,United Kingdom,False,28,2,335.13,5,3,2,10,Clients Fidèles
17222,United Kingdom,False,86,1,354.15,3,2,2,7,Clients Moyens
17223,United Kingdom,False,331,2,426.79,1,3,2,6,Clients à Risque
17226,United Kingdom,False,329,1,393.49,1,2,2,5,Clients Perdus
17227,United Kingdom,False,39,6,939.32,4,5,3,12,Clients Fidèles
17228,United Kingdom,False,36,8,1906.09,4,5,4,13,Champions
17229,United Kingdom,False,117,2,318.76,2,3,2,7,Clients à Risque
17230,United Kingdom,False,285,8,3638.41,1,5,5,11,Clients à Risque
17231,United Kingdom,False,33,10,3174.32,5,5,5,15,Champions
17232,United Kingdom,False,23,2,421.52,5,3,2,10,Clients Fidèles
17233,United Kingdom,False,56,1,190.88,3,2,1,6,Clients Moyens
17234,United Kingdom,False,203,1,149.89,1,2,1,4,Clients Perdus
17235,United Kingdom,False,46,2,550.0600000000001,4,3,3,10,Clients Fidèles
17236,United Kingdom,False,33,6,916.13,5,5,3,13,Clients Fidèles
17237,United Kingdom,False,32,2,314.69,5,3,2,10,Clients Fidèles
17238,United Kingdom,False,23,17,3744.65,5,5,5,15,Champions
17239,United Kingdom,False,333,1,382.5,1,2,2,5,Clients Perdus
17242,United Kingdom,False,129,2,1135.04,2,3,4,9,Clients à Risque
17243,United Kingdom,False,22,26,8676.85,5,5,5,15,Champions
17244,United Kingdom,False,74,1,954.9,3,2,4,9,Clients Moyens
17245,United Kingdom,False,225,1,171.45000000000002,1,2,1,4,Clients Perdus
17247,United Kingdom,False,36,1,282.19,4,2,2,8,Nouveaux Clients
17248,United Kingdom,False,141,1,318.65,2,2,2,6,Clients Moyens
17250,United Kingdom,False,24,2,384.52,5,3,2,10,Clients Fidèles
17251,United Kingdom,False,383,1,283.28000000000003,1,2,2,5,Clients Perdus
17252,United Kingdom,False,137,2,353.86,2,3,2,7,Clients à Risque
17253,United Kingdom,False,39,1,178.26,4,2,1,7,Nouveaux Clients
17254,United Kingdom,False,25,2,272.44,5,3,2,10,Clients Fidèles
17255,United Kingdom,False,61,2,298.41,3,3,2,8,Clients Fidèles
17256,United Kingdom,False,128,2,240.0,2,3,1,6,Clients à Risque
17259,United Kingdom,False,169,2,603.37,2,3,3,8,Clients à Risque
17262,United Kingdom,False,73,5,1253.36,3,4,4,11,Clients Fidèles
17263,United Kingdom,False,229,1,63.440000000000005,1,2,1,4,Clients Perdus
17265,United Kingdom,False,159,2,562.9,2,3,3,8,Clients à Risque
17266,United Kingdom,False,23,3,310.64,5,4,2,11,Clients Fidèles
17267,United Kingdom,False,148,2,317.62,2,3,2,7,Clients à Risque
17268,United Kingdom,True,128,4,763.64,2,4,3,9,Clients à Risque
17272,United Kingdom,False,63,4,2148.63,3,4,5,12,Clients Fidèles
17274,United Kingdom,False,56,1,111.98,3,2,1,6,Clients Moyens
17277,United Kingdom,False,248,2,1065.35,1,3,4,8,Clients à Risque
17278,United Kingdom,False,262,1,246.04,1,2,1,4,Clients Perdus
17279,United Kingdom,False,78,1,187.83,3,2,1,6,Clients Moyens
17282,United Kingdom,False,151,3,1703.41,2,4,4,10,Clients à Risque
17284,United Kingdom,False,81,6,1652.58,3,5,4,12,Clients Fidèles
17286,United Kingdom,False,42,1,153.92,4,2,1,7,Nouveaux Clients
17287,United Kingdom,False,47,7,1064.11,4,5,4,13,Champions
17288,United Kingdom,False,30,7,1419.73,5,5,4,14,Champions
17289,United Kingdom,False,52,3,944.41,4,4,4,12,Champions
17290,United Kingdom,False,24,2,525.24,5,3,3,11,Clients Fidèles
17291,United Kingdom,True,329,1,550.8000000000001,1,2,3,6,Clients Perdus
17293,United Kingdom,False,29,9,1875.11,5,5,4,14,Champions
17295,United Kingdom,False,49,3,556.95,4,4,3,11,Clients Fidèles
17297,United Kingdom,False,38,1,131.78,4,2,1,7,Nouveaux Clients
17298,United Kingdom,False,122,2,498.42,2,3,3,8,Clients à Risque
17299,United Kingdom,False,32,4,669.11,5,4,3,12,Clients Fidèles
17301,United Kingdom,False,42,1,197.63,4,2,1,7,Nouveaux Clients
17302,United Kingdom,False,35,5,1135.63,4,4,4,12,Champions
17303,United Kingdom,False,382,1,250.04,1,2,1,4,Clients Perdus
17306,United Kingdom,True,31,19,8631.31,5,5,5,15,Champions
17309,United Kingdom,False,116,1,82.75,2,2,1,5,Clients Moyens
17311,United Kingdom,False,99,2,1384.85,2,3,4,9,Clients à Risque
17312,United Kingdom,False,159,3,644.3,2,4,3,9,Clients à Risque
17313,United Kingdom,True,52,1,2328.84,4,2,5,11,Nouveaux Clients
17314,United Kingdom,False,45,8,2527.92,4,5,5,14,Champions
17315,United Kingdom,False,22,38,6292.26,5,5,5,15,Champions
17317,United Kingdom,True,67,3,2600.34,3,4,5,12,Clients Fidèles
17320,United Kingdom,False,121,3,1200.62,2,4,4,10,Clients à Risque
17321,United Kingdom,False,29,2,700.86,5,3,3,11,Clients Fidèles
17323,United Kingdom,False,36,7,921.07,4,5,3,12,Clients Fidèles
17324,United Kingdom,False,38,4,990.23,4,4,4,12,Champions
17325,United Kingdom,False,301,1,96.8,1,2,1,4,Clients Perdus
17329,United Kingdom,False,35,2,523.11,4,3,3,10,Clients Fidèles
17330,United Kingdom,False,43,2,363.9,4,3,2,9,Clients Fidèles
17331,United Kingdom,False,144,1,175.2,2,2,1,5,Clients Moyens
17333,United Kingdom,False,106,1,494.25,2,2,3,7,Clients Moyens
17334,United Kingdom,False,323,2,307.02000000000004,1,3,2,6,Clients à Risque
17337,United Kingdom,False,172,4,2027.87,2,4,4,10,Clients à Risque
17338,United Kingdom,False,38,8,6643.93,4,5,5,14,Champions
17339,United Kingdom,False,115,2,243.36,2,3,1,6,Clients à Risque
17340,United Kingdom,False,50,11,12353.29,4,5,5,14,Champions
17341,United Kingdom,False,177,3,781.36,2,4,3,9,Clients à Risque
17343,United Kingdom,False,376,1,193.64,1,2,1,4,Clients Perdus
17344,United Kingdom,False,67,1,160.57,3,2,1,6,Clients Moyens
17345,United Kingdom,False,36,4,537.74,4,4,3,11,Clients Fidèles
17346,United Kingdom,False,24,15,2676.56,5,5,5,15,Champions
17347,United Kingdom,True,107,1,228.96,2,2,1,5,Clients Moyens
17348,United Kingdom,False,35,5,1159.52,4,4,4,12,Champions
17349,United Kingdom,False,200,1,110.75,2,2,1,5,Clients Moyens
17350,United Kingdom,False,29,4,1286.07,5,4,4,13,Champions
17351,United Kingdom,False,57,3,587.15,3,4,3,10,Clients Fidèles
17353,United Kingdom,True,150,2,1740.0,2,3,4,9,Clients à Risque
17354,United Kingdom,True,71,1,1393.06,3,2,4,9,Clients Moyens
17356,United Kingdom,False,332,1,178.22,1,2,1,4,Clients Perdus
17357,United Kingdom,False,45,2,388.14,4,3,2,9,Clients Fidèles
17358,United Kingdom,False,324,2,365.85,1,3,2,6,Clients à Risque
17359,United Kingdom,False,32,1,127.86,5,2,1,8,Nouveaux Clients
17360,United Kingdom,False,38,3,585.79,4,4,3,11,Clients Fidèles
17361,United Kingdom,False,70,3,488.2,3,4,2,9,Clients Fidèles
17362,United Kingdom,False,260,2,312.23,1,3,2,6,Clients à Risque
17364,United Kingdom,False,21,11,4481.18,5,5,5,15,Champions
17365,United Kingdom,False,33,8,4801.56,5,5,5,15,Champions
17367,United Kingdom,False,259,1,168.4,1,2,1,4,Clients Perdus
17368,United Kingdom,False,44,8,1912.67,4,5,4,13,Champions
17370,United Kingdom,False,93,4,446.18,2,4,2,8,Clients à Risque
17371,United Kingdom,False,38,3,423.89,4,4,2,10,Clients Fidèles
17372,United Kingdom,False,61,8,1342.68,3,5,4,12,Clients Fidèles
17373,United Kingdom,False,61,4,646.92,3,4,3,10,Clients Fidèles
17374,United Kingdom,False,239,2,495.77,1,3,3,7,Clients à Risque
17375,United Kingdom,False,220,3,400.1,1,4,2,7,Clients à Risque
17376,United Kingdom,False,91,2,203.2,3,3,1,7,Clients Fidèles
17377,United Kingdom,False,44,20,4100.92,4,5,5,14,Champions
17379,United Kingdom,False,32,1,404.66,5,2,2,9,Nouveaux Clients
17381,United Kingdom,True,29,29,20275.61,5,5,5,15,Champions
17382,United Kingdom,False,86,1,65.4,3,2,1,6,Clients Moyens
17383,United Kingdom,False,25,1,199.29,5,2,1,8,Nouveaux Clients
17384,United Kingdom,False,40,2,336.4,4,3,2,9,Clients Fidèles
17385,United Kingdom,False,35,1,261.11,4,2,2,8,Nouveaux Clients
17386,United Kingdom,False,28,6,2686.42,5,5,5,15,Champions
17387,United Kingdom,False,40,2,784.11,4,3,3,10,Clients Fidèles
17388,United Kingdom,False,98,4,1259.56,2,4,4,10,Clients à Risque
17389,United Kingdom,False,21,34,31833.68,5,5,5,15,Champions
17391,United Kingdom,True,184,2,508.8,2,3,3,8,Clients à Risque
17392,United Kingdom,False,327,2,457.91,1,3,2,6,Clients à Risque
17394,United Kingdom,False,240,1,203.87,1,2,1,4,Clients Perdus
17396,United Kingdom,True,60,8,7330.8,3,5,5,13,Clients Fidèles
17397,United Kingdom,False,43,2,696.41,4,3,3,10,Clients Fidèles
17398,United Kingdom,False,135,3,653.38,2,4,3,9,Clients à Risque
17400,United Kingdom,False,147,5,2129.96,2,4,5,11,Clients à Risque
17402,United Kingdom,False,25,13,2633.85,5,5,5,15,Champions
17403,United Kingdom,False,57,1,281.62,3,2,2,7,Clients Moyens
17404,Sweden,True,25,15,31906.82,5,5,5,15,Champions
17405,United Kingdom,False,22,3,1031.41,5,4,4,13,Champions
17406,United Kingdom,False,354,3,2200.42,1,4,5,10,Clients à Risque
17408,United Kingdom,False,184,1,32.65,2,2,1,5,Clients Moyens
17409,United Kingdom,False,205,2,771.85,1,3,3,7,Clients à Risque
17410,United Kingdom,False,37,5,1214.72,4,4,4,12,Champions
17411,United Kingdom,False,33,3,778.94,5,4,3,12,Clients Fidèles
17412,United Kingdom,False,23,7,1258.06,5,5,4,14,Champions
17414,United Kingdom,True,64,2,778.0,3,3,3,9,Clients Fidèles
17415,United Kingdom,False,100,1,507.84,2,2,3,7,Clients Moyens
17416,United Kingdom,False,50,7,6893.42,4,5,5,14,Champions
17418,United Kingdom,False,63,2,463.46,3,3,2,8,Clients Fidèles
17419,United Kingdom,False,32,12,4226.57,5,5,5,15,Champions
17420,United Kingdom,False,71,3,598.83,3,4,3,10,Clients Fidèles
17422,United Kingdom,False,37,6,1979.37,4,5,4,13,Champions
17423,United Kingdom,False,67,2,698.41,3,3,3,9,Clients Fidèles
17425,United Kingdom,False,40,2,759.1700000000001,4,3,3,10,Clients Fidèles
17426,United Kingdom,False,29,6,5037.26,5,5,5,15,Champions
17427,United Kingdom,False,92,1,100.8,3,2,1,6,Clients Moyens
17428,United Kingdom,False,21,28,17256.85,5,5,5,15,Champions
17429,United Kingdom,False,149,3,524.9200000000001,2,4,3,9,Clients à Risque
17430,United Kingdom,False,53,2,265.76,4,3,2,9,Clients Fidèles
17431,United Kingdom,False,334,1,403.3,1,2,2,5,Clients Perdus
17432,United Kingdom,False,39,2,365.76,4,3,2,9,Clients Fidèles
17433,United Kingdom,False,109,1,303.16,2,2,2,6,Clients Moyens
17434,United Kingdom,False,23,7,2373.82,5,5,5,15,Champions
17436,United Kingdom,False,22,2,216.3,5,3,1,9,Clients Fidèles
17438,United Kingdom,False,274,1,388.4500000000001,1,2,2,5,Clients Perdus
17440,United Kingdom,False,177,3,186.42,2,4,1,7,Clients à Risque
17442,United Kingdom,False,57,6,2248.56,3,5,5,13,Clients Fidèles
17443,Canada,True,240,1,534.24,1,2,3,6,Clients Perdus
17444,Canada,False,168,3,2940.04,2,4,5,11,Clients à Risque
17446,United Kingdom,False,197,2,120.9,2,3,1,6,Clients à Risque
17447,United Kingdom,False,61,2,541.53,3,3,3,9,Clients Fidèles
17449,United Kingdom,False,23,7,2520.86,5,5,5,15,Champions
17450,United Kingdom,True,29,46,194550.79,5,5,5,15,Champions
17451,United Kingdom,False,22,7,1721.4,5,5,4,14,Champions
17453,United Kingdom,False,38,2,486.72,4,3,2,9,Clients Fidèles
17454,United Kingdom,False,213,4,517.53,1,4,3,8,Clients à Risque
17455,United Kingdom,False,224,1,131.7,1,2,1,4,Clients Perdus
17456,United Kingdom,False,386,1,249.86,1,2,1,4,Clients Perdus
17457,United Kingdom,False,147,5,1737.7,2,4,4,10,Clients à Risque
17458,United Kingdom,False,36,1,316.5,4,2,2,8,Nouveaux Clients
17459,United Kingdom,False,64,2,657.3,3,3,3,9,Clients Fidèles
17460,United Kingdom,False,115,6,622.4300000000001,2,5,3,10,Clients à Risque
17461,United Kingdom,False,43,3,757.46,4,4,3,11,Clients Fidèles
17462,United Kingdom,False,81,2,675.69,3,3,3,9,Clients Fidèles
17463,United Kingdom,False,37,5,1896.41,4,4,4,12,Champions
17464,United Kingdom,False,179,1,289.96000000000004,2,2,2,6,Clients Moyens
17466,United Kingdom,False,31,2,763.28,5,3,3,11,Clients Fidèles
17468,United Kingdom,False,31,2,137.0,5,3,1,9,Clients Fidèles
17469,United Kingdom,False,37,5,1870.97,4,4,4,12,Champions
17470,United Kingdom,False,65,5,1125.07,3,4,4,11,Clients Fidèles
17472,United Kingdom,False,212,3,710.29,1,4,3,8,Clients à Risque
17475,United Kingdom,False,100,1,194.37,2,2,1,5,Clients Moyens
17480,United Kingdom,False,98,1,511.82,2,2,3,7,Clients Moyens
17481,United Kingdom,False,24,4,1255.59,5,4,4,13,Champions
17483,United Kingdom,False,86,3,414.04,3,4,2,9,Clients Fidèles
17486,United Kingdom,False,282,1,396.87,1,2,2,5,Clients Perdus
17489,United Kingdom,False,79,2,376.64,3,3,2,8,Clients Fidèles
17490,United Kingdom,False,21,7,2092.32,5,5,5,15,Champions
17491,United Kingdom,False,22,10,3558.87,5,5,5,15,Champions
17492,United Kingdom,False,269,1,374.57,1,2,2,5,Clients Perdus
17495,United Kingdom,False,28,2,497.56,5,3,3,11,Clients Fidèles
17496,United Kingdom,False,379,1,271.05,1,2,2,5,Clients Perdus
17498,United Kingdom,False,96,1,272.22,2,2,2,6,Clients Moyens
17499,United Kingdom,False,310,1,622.88,1,2,3,6,Clients Perdus
17500,United Kingdom,False,38,3,1138.0,4,4,4,12,Champions
17501,United Kingdom,False,241,2,288.6,1,3,2,6,Clients à Risque
17502,United Kingdom,False,30,4,689.1,5,4,3,12,Clients Fidèles
17503,United Kingdom,False,23,2,558.96,5,3,3,11,Clients Fidèles
17504,United Kingdom,False,227,9,2997.03,1,5,5,11,Clients à Risque
17505,United Kingdom,False,182,2,1145.84,2,3,4,9,Clients à Risque
17506,United Kingdom,False,96,1,302.2,2,2,2,6,Clients Moyens
17507,United Kingdom,False,282,2,605.58,1,3,3,7,Clients à Risque
17508,Greece,False,301,1,387.31,1,2,2,5,Clients Perdus
17509,United Kingdom,False,78,8,6115.14,3,5,5,13,Clients Fidèles
17510,United Kingdom,False,45,1,308.48,4,2,2,8,Nouveaux Clients
17511,United Kingdom,False,23,31,91062.38,5,5,5,15,Champions
17512,United Kingdom,False,49,10,2924.99,4,5,5,14,Champions
17513,United Kingdom,False,93,1,513.2,2,2,3,7,Clients Moyens
17514,United Kingdom,False,149,1,208.65,2,2,1,5,Clients Moyens
17515,United Kingdom,False,52,4,639.02,4,4,3,11,Clients Fidèles
17516,United Kingdom,False,36,5,768.08,4,4,3,11,Clients Fidèles
17517,United Kingdom,False,329,1,153.94,1,2,1,4,Clients Perdus
17519,United Kingdom,False,38,6,1844.02,4,5,4,13,Champions
17520,United Kingdom,False,74,1,546.81,3,2,3,8,Clients Moyens
17521,United Kingdom,False,50,3,723.21,4,4,3,11,Clients Fidèles
17522,United Kingdom,False,22,5,1070.71,5,4,4,13,Champions
17523,United Kingdom,False,32,4,652.74,5,4,3,12,Clients Fidèles
17524,United Kingdom,False,382,1,145.0,1,2,1,4,Clients Perdus
17525,United Kingdom,False,380,1,422.7,1,2,2,5,Clients Perdus
17526,United Kingdom,False,25,4,1195.9,5,4,4,13,Champions
17527,United Kingdom,False,74,4,939.37,3,4,3,10,Clients Fidèles
17528,United Kingdom,False,22,8,3628.5,5,5,5,15,Champions
17530,United Kingdom,False,22,10,2385.0,5,5,5,15,Champions
17531,United Kingdom,False,211,1,296.7,1,2,2,5,Clients Perdus
17534,United Kingdom,False,74,1,223.36,3,2,1,6,Clients Moyens
17535,United Kingdom,False,301,1,164.4,1,2,1,4,Clients Perdus
17536,United Kingdom,False,198,1,76.5,2,2,1,5,Clients Moyens
17537,United Kingdom,False,50,2,897.62,4,3,3,10,Clients Fidèles
17538,United Kingdom,False,46,1,98.42,4,2,1,7,Nouveaux Clients
17540,United Kingdom,False,45,2,578.9,4,3,3,10,Clients Fidèles
17542,United Kingdom,False,290,1,170.75,1,2,1,4,Clients Perdus
17545,United Kingdom,False,64,3,645.96,3,4,3,10,Clients Fidèles
17548,United Kingdom,False,254,1,103.3,1,2,1,4,Clients Perdus
17549,United Kingdom,False,44,2,148.86,4,3,1,8,Clients Fidèles
17550,United Kingdom,False,218,3,267.16,1,4,2,7,Clients à Risque
17551,United Kingdom,False,380,1,306.84,1,2,2,5,Clients Perdus
17552,United Kingdom,False,81,4,930.41,3,4,3,10,Clients Fidèles
17553,United Kingdom,True,150,1,1487.6,2,2,4,8,Clients Moyens
17554,United Kingdom,False,22,5,1952.45,5,4,4,13,Champions
17555,United Kingdom,False,40,2,483.26,4,3,2,9,Clients Fidèles
17556,United Kingdom,False,226,1,157.9,1,2,1,4,Clients Perdus
17557,United Kingdom,False,35,3,541.46,4,4,3,11,Clients Fidèles
17560,United Kingdom,False,115,4,854.95,2,4,3,9,Clients à Risque
17561,United Kingdom,False,40,1,167.62,4,2,1,7,Nouveaux Clients
17562,United Kingdom,False,35,7,1122.38,4,5,4,13,Champions
17564,United Kingdom,False,45,3,454.01,4,4,2,10,Clients Fidèles
17566,United Kingdom,False,29,2,901.21,5,3,3,11,Clients Fidèles
17567,United Kingdom,False,28,8,4331.48,5,5,5,15,Champions
17569,United Kingdom,False,353,1,344.14,1,2,2,5,Clients Perdus
17571,United Kingdom,False,71,4,1498.51,3,4,4,11,Clients Fidèles
17572,United Kingdom,False,92,4,226.75000000000003,3,4,1,8,Clients Fidèles
17573,United Kingdom,False,50,3,380.6,4,4,2,10,Clients Fidèles
17574,United Kingdom,False,263,1,185.65,1,2,1,4,Clients Perdus
17576,United Kingdom,False,29,19,3622.68,5,5,5,15,Champions
17578,United Kingdom,False,239,1,143.45999999999998,1,2,1,4,Clients Perdus
17579,United Kingdom,False,25,3,448.9,5,4,2,11,Clients Fidèles
17580,United Kingdom,False,273,3,215.72,1,4,1,6,Clients à Risque
17581,United Kingdom,False,21,25,11045.04,5,5,5,15,Champions
17582,United Kingdom,False,257,1,175.27,1,2,1,4,Clients Perdus
17584,United Kingdom,False,28,2,1242.3,5,3,4,12,Clients Fidèles
17585,United Kingdom,False,130,4,1133.07,2,4,4,10,Clients à Risque
17588,United Kingdom,False,121,3,1240.2,2,4,4,10,Clients à Risque
17589,United Kingdom,False,81,4,2404.17,3,4,5,12,Clients Fidèles
17590,United Kingdom,False,23,3,1479.22,5,4,4,13,Champions
17591,United Kingdom,False,94,7,2225.9700000000003,2,5,5,12,Clients à Risque
17593,United Kingdom,False,24,5,3927.34,5,4,5,14,Champions
17594,United Kingdom,False,106,2,993.18,2,3,4,9,Clients à Risque
17595,United Kingdom,False,33,2,388.79,5,3,2,10,Clients Fidèles
17596,United Kingdom,False,44,7,2827.93,4,5,5,14,Champions
17597,United Kingdom,False,234,1,2044.37,1,2,4,7,Clients Perdus
17600,United Kingdom,False,38,1,161.67000000000002,4,2,1,7,Nouveaux Clients
17601,United Kingdom,False,260,1,116.01,1,2,1,4,Clients Perdus
17602,United Kingdom,False,23,6,5102.97,5,5,5,15,Champions
17603,United Kingdom,False,99,1,394.72,2,2,2,6,Clients Moyens
17604,United Kingdom,False,238,2,309.36,1,3,2,6,Clients à Risque
17608,United Kingdom,False,54,2,193.42,3,3,1,7,Clients Fidèles
17609,United Kingdom,False,61,5,1112.22,3,4,4,11,Clients Fidèles
17611,United Kingdom,False,28,15,3984.22,5,5,5,15,Champions
17612,United Kingdom,False,74,6,2048.45,3,5,4,12,Clients Fidèles
17613,United Kingdom,False,43,14,4559.150000000001,4,5,5,14,Champions
17614,United Kingdom,False,78,1,390.07,3,2,2,7,Clients Moyens
17615,United Kingdom,False,151,3,329.6,2,4,2,8,Clients à Risque
17616,United Kingdom,True,194,3,571.1999999999999,2,4,3,9,Clients à Risque
17618,United Kingdom,False,26,3,971.58,5,4,4,13,Champions
17619,United Kingdom,False,333,1,218.52,1,2,1,4,Clients Perdus
17620,United Kingdom,False,80,1,81.44,3,2,1,6,Clients Moyens
17621,United Kingdom,False,42,3,1379.9,4,4,4,12,Champions
17623,United Kingdom,False,53,1,527.05,4,2,3,9,Nouveaux Clients
17624,United Kingdom,False,35,2,843.48,4,3,3,10,Clients Fidèles
17625,United Kingdom,False,39,4,2047.0,4,4,4,12,Champions
17628,United Kingdom,False,102,1,75.75,2,2,1,5,Clients Moyens
17629,United Kingdom,False,26,8,1814.12,5,5,4,14,Champions
17630,United Kingdom,False,190,2,503.6,2,3,3,8,Clients à Risque
17631,United Kingdom,False,22,3,528.33,5,4,3,12,Clients Fidèles
17633,United Kingdom,False,52,4,1324.84,4,4,4,12,Champions
17634,United Kingdom,False,57,9,2361.9700000000003,3,5,5,13,Clients Fidèles
17636,United Kingdom,False,40,1,285.56,4,2,2,8,Nouveaux Clients
17637,United Kingdom,False,52,2,547.0600000000001,4,3,3,10,Clients Fidèles
17639,United Kingdom,False,297,1,108.5,1,2,1,4,Clients Perdus
17640,United Kingdom,True,107,1,621.66,2,2,3,7,Clients Moyens
17642,United Kingdom,False,140,2,712.29,2,3,3,8,Clients à Risque
17643,United Kingdom,False,394,1,101.55,1,2,1,4,Clients Perdus
17644,United Kingdom,False,22,11,2895.64,5,5,5,15,Champions
17646,United Kingdom,False,240,3,1008.39,1,4,4,9,Clients à Risque
17647,United Kingdom,False,86,1,133.06,3,2,1,6,Clients Moyens
17648,United Kingdom,False,81,4,1797.5,3,4,4,11,Clients Fidèles
17649,United Kingdom,False,159,1,868.49,2,2,3,7,Clients Moyens
17650,United Kingdom,False,42,1,166.07999999999998,4,2,1,7,Nouveaux Clients
17651,United Kingdom,False,32,10,3945.0,5,5,5,15,Champions
17652,United Kingdom,False,46,12,4867.72,4,5,5,14,Champions
17653,United Kingdom,False,57,4,1207.56,3,4,4,11,Clients Fidèles
17654,United Kingdom,False,298,1,117.55,1,2,1,4,Clients Perdus
17655,United Kingdom,False,31,7,2638.94,5,5,5,15,Champions
17656,United Kingdom,False,94,5,1674.69,2,4,4,10,Clients à Risque
17658,United Kingdom,False,46,2,595.42,4,3,3,10,Clients Fidèles
17659,United Kingdom,False,38,12,2999.46,4,5,5,14,Champions
17660,United Kingdom,False,162,1,196.0,2,2,1,5,Clients Moyens
17663,United Kingdom,False,46,7,1802.91,4,5,4,13,Champions
17664,United Kingdom,False,39,2,604.64,4,3,3,10,Clients Fidèles
17666,United Kingdom,False,24,2,728.16,5,3,3,11,Clients Fidèles
17667,United Kingdom,False,87,5,2055.51,3,4,4,11,Clients Fidèles
17668,United Kingdom,False,22,2,347.75,5,3,2,10,Clients Fidèles
17669,United Kingdom,False,63,7,3406.7200000000003,3,5,5,13,Clients Fidèles
17670,United Kingdom,False,248,1,205.7,1,2,1,4,Clients Perdus
17671,United Kingdom,False,36,4,1572.71,4,4,4,12,Champions
17672,United Kingdom,False,71,2,3178.17,3,3,5,11,Clients Fidèles
17673,United Kingdom,False,22,6,1629.12,5,5,4,14,Champions
17674,United Kingdom,False,95,2,551.04,2,3,3,8,Clients à Risque
17675,United Kingdom,False,22,31,20374.28,5,5,5,15,Champions
17676,United Kingdom,False,25,6,1387.68,5,5,4,14,Champions
17677,United Kingdom,False,22,30,16363.23,5,5,5,15,Champions
17678,United Kingdom,False,284,1,298.11,1,2,2,5,Clients Perdus
17679,United Kingdom,False,73,2,1992.11,3,3,4,10,Clients Fidèles
17680,United Kingdom,False,44,1,184.4,4,2,1,7,Nouveaux Clients
17682,United Kingdom,False,31,6,2474.33,5,5,5,15,Champions
17684,United Kingdom,False,64,1,239.41,3,2,1,6,Clients Moyens
17685,United Kingdom,False,37,7,3191.53,4,5,5,14,Champions
17686,United Kingdom,False,28,7,5739.46,5,5,5,15,Champions
17690,United Kingdom,False,51,15,4757.95,4,5,5,14,Champions
17691,United Kingdom,False,379,2,290.40000000000003,1,3,2,6,Clients à Risque
17692,United Kingdom,False,148,4,740.94,2,4,3,9,Clients à Risque
17693,United Kingdom,False,158,1,200.47,2,2,1,5,Clients Moyens
17694,United Kingdom,False,162,1,283.12,2,2,2,6,Clients Moyens
17695,United Kingdom,False,152,2,765.34,2,3,3,8,Clients à Risque
17696,United Kingdom,False,59,8,2285.71,3,5,5,13,Clients Fidèles
17697,United Kingdom,False,257,1,338.95,1,2,2,5,Clients Perdus
17698,United Kingdom,False,281,1,154.95,1,2,1,4,Clients Perdus
17700,United Kingdom,False,37,4,2534.64,4,4,5,13,Champions
17701,United Kingdom,False,273,1,417.95,1,2,2,5,Clients Perdus
17702,United Kingdom,False,51,4,1824.37,4,4,4,12,Champions
17703,United Kingdom,False,56,3,798.74,3,4,3,10,Clients Fidèles
17704,United Kingdom,False,189,2,885.19,2,3,3,8,Clients à Risque
17705,United Kingdom,False,24,9,1823.52,5,5,4,14,Champions
17706,United Kingdom,False,25,17,10504.49,5,5,5,15,Champions
17707,United Kingdom,False,206,2,152.4,1,3,1,5,Clients à Risque
17708,United Kingdom,False,208,2,267.08,1,3,2,6,Clients à Risque
17709,United Kingdom,False,190,1,137.45,2,2,1,5,Clients Moyens
17711,United Kingdom,False,31,2,385.1,5,3,2,10,Clients Fidèles
17712,United Kingdom,False,65,1,522.91,3,2,3,8,Clients Moyens
17714,United Kingdom,False,341,1,153.0,1,2,1,4,Clients Perdus
17715,United Kingdom,True,221,1,326.4,1,2,2,5,Clients Perdus
17716,United Kingdom,False,43,11,5655.99,4,5,5,14,Champions
17718,United Kingdom,False,253,1,139.35,1,2,1,4,Clients Perdus
17719,United Kingdom,False,58,15,5396.04,3,5,5,13,Clients Fidèles
17720,United Kingdom,False,47,4,1195.94,4,4,4,12,Champions
17722,United Kingdom,False,117,4,2424.04,2,4,5,11,Clients à Risque
17723,United Kingdom,True,148,6,3276.4000000000005,2,5,5,12,Clients à Risque
17724,United Kingdom,False,92,3,1033.0,3,4,4,11,Clients Fidèles
17725,United Kingdom,False,37,11,3439.08,4,5,5,14,Champions
17727,United Kingdom,False,36,1,1060.25,4,2,4,10,Nouveaux Clients
17728,United Kingdom,False,24,3,2876.01,5,4,5,14,Champions
17730,United Kingdom,False,24,13,5298.4800000000005,5,5,5,15,Champions
17731,United Kingdom,False,100,4,1240.11,2,4,4,10,Clients à Risque
17732,United Kingdom,False,393,1,303.97,1,2,2,5,Clients Perdus
17733,United Kingdom,False,59,2,692.19,3,3,3,9,Clients Fidèles
17734,United Kingdom,False,74,3,700.63,3,4,3,10,Clients Fidèles
17735,United Kingdom,False,23,19,13110.02,5,5,5,15,Champions
17736,United Kingdom,False,30,3,377.44,5,4,2,11,Clients Fidèles
17737,United Kingdom,False,30,2,168.24,5,3,1,9,Clients Fidèles
17738,United Kingdom,False,40,4,1879.05,4,4,4,12,Champions
17739,United Kingdom,False,32,7,2791.35,5,5,5,15,Champions
17742,United Kingdom,False,134,2,355.11,2,3,2,7,Clients à Risque
17744,United Kingdom,False,24,6,2322.4,5,5,5,15,Champions
17746,United Kingdom,False,261,1,110.25,1,2,1,4,Clients Perdus
17747,United Kingdom,False,133,1,71.4,2,2,1,5,Clients Moyens
17749,United Kingdom,False,199,2,674.52,2,3,3,8,Clients à Risque
17750,United Kingdom,False,26,9,1797.57,5,5,4,14,Champions
17752,United Kingdom,True,380,1,80.64,1,2,1,4,Clients Perdus
17754,United Kingdom,False,21,5,1772.26,5,4,4,13,Champions
17757,United Kingdom,False,22,30,5605.29,5,5,5,15,Champions
17758,United Kingdom,False,40,8,3456.7,4,5,5,14,Champions
17759,United Kingdom,False,38,3,834.99,4,4,3,11,Clients Fidèles
17760,United Kingdom,False,42,2,287.59,4,3,2,9,Clients Fidèles
17761,United Kingdom,False,53,1,712.78,4,2,3,9,Nouveaux Clients
17763,United Kingdom,False,284,1,15.0,1,2,1,4,Clients Perdus
17764,United Kingdom,False,71,2,818.82,3,3,3,9,Clients Fidèles
17765,United Kingdom,False,179,3,371.88,2,4,2,8,Clients à Risque
17767,United Kingdom,False,36,1,271.2,4,2,2,8,Nouveaux Clients
17768,United Kingdom,False,29,3,2273.1800000000003,5,4,5,14,Champions
17769,United Kingdom,False,33,10,3997.98,5,5,5,15,Champions
17770,United Kingdom,False,219,5,1143.27,1,4,4,9,Clients à Risque
17771,United Kingdom,False,77,2,245.81,3,3,1,7,Clients Fidèles
17772,United Kingdom,False,31,2,182.77,5,3,1,9,Clients Fidèles
17774,United Kingdom,False,117,4,1225.41,2,4,4,10,Clients à Risque
17775,United Kingdom,False,275,1,56.4,1,2,1,4,Clients Perdus
17777,United Kingdom,False,45,3,665.86,4,4,3,11,Clients Fidèles
17779,United Kingdom,False,42,3,658.57,4,4,3,11,Clients Fidèles
17781,United Kingdom,False,180,2,188.02,2,3,1,6,Clients à Risque
17783,United Kingdom,False,93,2,283.47,2,3,2,7,Clients à Risque
17785,United Kingdom,False,74,1,131.94,3,2,1,6,Clients Moyens
17786,United Kingdom,False,106,2,278.74,2,3,2,7,Clients à Risque
17787,United Kingdom,False,173,4,1865.19,2,4,4,10,Clients à Risque
17788,United Kingdom,False,94,2,1117.9,2,3,4,9,Clients à Risque
17789,United Kingdom,False,302,1,225.9,1,2,1,4,Clients Perdus
17790,United Kingdom,False,47,14,1965.55,4,5,4,13,Champions
17791,United Kingdom,False,50,1,106.1,4,2,1,7,Nouveaux Clients
17793,United Kingdom,False,46,1,323.04,4,2,2,8,Nouveaux Clients
17795,United Kingdom,False,200,2,350.39,2,3,2,7,Clients à Risque
17796,United Kingdom,False,61,4,697.9,3,4,3,10,Clients Fidèles
17797,United Kingdom,False,43,3,780.43,4,4,3,11,Clients Fidèles
17799,United Kingdom,False,43,10,3055.93,4,5,5,14,Champions
17800,United Kingdom,False,58,9,1199.01,3,5,4,12,Clients Fidèles
17802,United Kingdom,False,103,3,1285.04,2,4,4,10,Clients à Risque
17805,United Kingdom,False,94,1,512.31,2,2,3,7,Clients Moyens
17806,United Kingdom,False,32,1,546.04,5,2,3,10,Nouveaux Clients
17809,United Kingdom,False,37,12,5411.91,4,5,5,14,Champions
17811,United Kingdom,False,25,39,7837.73,5,5,5,15,Champions
17812,United Kingdom,False,33,4,732.16,5,4,3,12,Clients Fidèles
17813,United Kingdom,False,35,5,1770.88,4,4,4,12,Champions
17816,United Kingdom,False,57,4,36.56,3,4,1,8,Clients Fidèles
17817,United Kingdom,False,25,3,387.68,5,4,2,11,Clients Fidèles
17819,United Kingdom,False,92,7,3704.87,3,5,5,13,Clients Fidèles
17824,United Kingdom,False,72,1,298.4,3,2,2,7,Clients Moyens
17827,United Kingdom,False,26,5,1995.46,5,4,4,13,Champions
17828,Malta,False,43,4,1820.09,4,4,4,12,Champions
17829,United Arab Emirates,False,319,1,889.24,1,2,3,6,Clients Perdus
17830,United Kingdom,False,22,3,398.7,5,4,2,11,Clients Fidèles
17831,United Kingdom,False,54,1,35.400000000000006,3,2,1,6,Clients Moyens
17832,United Kingdom,False,70,1,155.37,3,2,1,6,Clients Moyens
17835,United Kingdom,False,23,3,350.64,5,4,2,11,Clients Fidèles
17836,United Kingdom,False,68,1,110.21,3,2,1,6,Clients Moyens
17837,United Kingdom,False,63,8,1593.38,3,5,4,12,Clients Fidèles
17838,United Kingdom,False,47,5,2779.3,4,4,5,13,Champions
17839,United Kingdom,False,63,1,338.8,3,2,2,7,Clients Moyens
17841,United Kingdom,False,22,124,40991.57,5,5,5,15,Champions
17843,United Kingdom,False,324,1,205.48,1,2,1,4,Clients Perdus
17844,Canada,False,127,1,51.56,2,2,1,5,Clients Moyens
17846,United Kingdom,False,106,1,2033.1,2,2,4,8,Clients Moyens
17848,United Kingdom,False,102,9,901.2,2,5,3,10,Clients à Risque
17849,United Kingdom,False,239,4,605.8000000000001,1,4,3,8,Clients à Risque
17850,United Kingdom,False,393,34,5391.21,1,5,5,11,Clients à Risque
17852,United Kingdom,False,32,2,114.34,5,3,1,9,Clients Fidèles
17854,United Kingdom,False,206,2,311.26,1,3,2,6,Clients à Risque
17855,United Kingdom,False,393,1,208.97,1,2,1,4,Clients Perdus
17856,United Kingdom,False,22,4,1418.03,5,4,4,13,Champions
17857,United Kingdom,True,25,23,26879.04,5,5,5,15,Champions
17858,United Kingdom,False,26,12,5155.66,5,5,5,15,Champions
17859,United Kingdom,False,325,1,148.21,1,2,1,4,Clients Perdus
17860,United Kingdom,False,389,1,252.8,1,2,2,5,Clients Perdus
17861,United Kingdom,False,24,8,2100.8,5,5,5,15,Champions
17862,United Kingdom,False,344,1,330.9,1,2,2,5,Clients Perdus
17863,United Kingdom,False,80,6,3160.0,3,5,5,13,Clients Fidèles
17864,United Kingdom,False,33,3,597.5,5,4,3,12,Clients Fidèles
17865,United Kingdom,False,51,20,10526.32,4,5,5,14,Champions
17866,United Kingdom,False,163,1,329.65000000000003,2,2,2,6,Clients Moyens
17867,United Kingdom,False,51,6,1197.1,4,5,4,13,Champions
17869,United Kingdom,False,128,5,428.18,2,4,2,8,Clients à Risque
17870,United Kingdom,False,23,12,1894.35,5,5,4,14,Champions
17871,United Kingdom,False,225,1,155.9,1,2,1,4,Clients Perdus
17873,United Kingdom,False,101,5,1859.16,2,4,4,10,Clients à Risque
17874,United Kingdom,False,206,6,683.46,1,5,3,9,Clients à Risque
17877,United Kingdom,False,191,1,237.61,2,2,1,5,Clients Moyens
17878,United Kingdom,False,64,1,379.45,3,2,2,7,Clients Moyens
17879,United Kingdom,False,194,1,178.52,2,2,1,5,Clients Moyens
17880,United Kingdom,False,385,1,458.92,1,2,2,5,Clients Perdus
17881,United Kingdom,False,325,1,133.35,1,2,1,4,Clients Perdus
17883,United Kingdom,False,24,4,671.77,5,4,3,12,Clients Fidèles
17884,United Kingdom,False,24,4,717.45,5,4,3,12,Clients Fidèles
17885,United Kingdom,False,33,1,190.19,5,2,1,8,Nouveaux Clients
17886,United Kingdom,False,52,3,899.61,4,4,3,11,Clients Fidèles
17887,United Kingdom,False,150,1,111.35,2,2,1,5,Clients Moyens
17888,United Kingdom,False,42,8,726.05,4,5,3,12,Clients Fidèles
17889,United Kingdom,False,233,2,203.87,1,3,1,5,Clients à Risque
17890,United Kingdom,False,343,2,602.09,1,3,3,7,Clients à Risque
17891,United Kingdom,False,183,1,203.86,2,2,1,5,Clients Moyens
17892,United Kingdom,False,77,3,244.1,3,4,1,8,Clients Fidèles
17893,United Kingdom,False,246,1,112.25,1,2,1,4,Clients Perdus
17894,United Kingdom,False,92,8,1119.81,3,5,4,12,Clients Fidèles
17895,United Kingdom,False,65,1,98.0,3,2,1,6,Clients Moyens
17896,United Kingdom,True,44,1,256.32,4,2,2,8,Nouveaux Clients
17897,United Kingdom,False,193,3,566.6,2,4,3,9,Clients à Risque
17898,United Kingdom,False,106,2,152.06,2,3,1,6,Clients à Risque
17899,United Kingdom,False,180,1,155.8,2,2,1,5,Clients Moyens
17900,United Kingdom,False,211,2,112.2,1,3,1,5,Clients à Risque
17901,United Kingdom,False,50,1,110.38,4,2,1,7,Nouveaux Clients
17904,United Kingdom,False,42,1,191.67,4,2,1,7,Nouveaux Clients
17905,United Kingdom,False,92,4,800.24,3,4,3,10,Clients Fidèles
17906,United Kingdom,False,268,1,72.9,1,2,1,4,Clients Perdus
17908,United Kingdom,False,394,1,243.28,1,2,1,4,Clients Perdus
17911,United Kingdom,False,30,1,366.23,5,2,2,9,Nouveaux Clients
17912,United Kingdom,False,331,5,311.01,1,4,2,7,Clients à Risque
17913,United Kingdom,False,79,2,411.6,3,3,2,8,Clients Fidèles
17914,United Kingdom,False,24,1,336.43,5,2,2,9,Nouveaux Clients
17917,United Kingdom,False,66,3,341.28,3,4,2,9,Clients Fidèles
17919,United Kingdom,False,109,1,1304.04,2,2,4,8,Clients Moyens
17920,United Kingdom,False,25,17,4204.1,5,5,5,15,Champions
17921,United Kingdom,False,85,4,826.52,3,4,3,10,Clients Fidèles
17923,United Kingdom,True,303,1,207.50000000000003,1,2,1,4,Clients Perdus
17924,United Kingdom,False,32,7,2962.5,5,5,5,15,Champions
17925,United Kingdom,True,393,1,244.08,1,2,1,4,Clients Perdus
17926,United Kingdom,False,154,2,397.29,2,3,2,7,Clients à Risque
17928,United Kingdom,False,66,2,212.54,3,3,1,7,Clients Fidèles
17929,United Kingdom,False,32,4,843.0,5,4,3,12,Clients Fidèles
17930,United Kingdom,False,56,5,1740.48,3,4,4,11,Clients Fidèles
17931,United Kingdom,False,155,2,408.36,2,3,2,7,Clients à Risque
17932,United Kingdom,False,50,3,1331.57,4,4,4,12,Champions
17934,United Kingdom,False,72,2,704.25,3,3,3,9,Clients Fidèles
17935,United Kingdom,False,159,2,145.79,2,3,1,6,Clients à Risque
17936,United Kingdom,False,26,1,389.84,5,2,2,9,Nouveaux Clients
17937,United Kingdom,False,29,7,4301.22,5,5,5,15,Champions
17939,United Kingdom,False,180,1,99.14,2,2,1,5,Clients Moyens
17940,United Kingdom,True,70,10,4106.4400000000005,3,5,5,13,Clients Fidèles
17941,United Kingdom,True,151,1,304.56,2,2,2,6,Clients Moyens
17942,United Kingdom,False,28,1,77.50000000000001,5,2,1,8,Nouveaux Clients
17946,United Kingdom,False,254,2,149.57999999999998,1,3,1,5,Clients à Risque
17947,United Kingdom,False,58,1,176.68,3,2,1,6,Clients Moyens
17948,United Kingdom,True,168,1,358.56000000000006,2,2,2,6,Clients Moyens
17949,United Kingdom,True,22,45,58510.48,5,5,5,15,Champions
17950,United Kingdom,False,93,3,482.2,2,4,2,8,Clients à Risque
17951,United Kingdom,False,60,3,1008.54,3,4,4,11,Clients Fidèles
17954,United Kingdom,False,26,12,2332.72,5,5,5,15,Champions
17955,United Kingdom,False,219,4,557.3,1,4,3,8,Clients à Risque
17956,United Kingdom,False,270,1,12.75,1,2,1,4,Clients Perdus
17957,United Kingdom,False,87,1,111.68,3,2,1,6,Clients Moyens
17958,United Kingdom,False,137,1,508.46,2,2,3,7,Clients Moyens
17960,United Kingdom,False,192,1,73.78,2,2,1,5,Clients Moyens
17961,United Kingdom,False,42,39,1296.44,4,5,4,13,Champions
17962,United Kingdom,False,163,1,102.83,2,2,1,5,Clients Moyens
17964,United Kingdom,False,52,2,471.7,4,3,2,9,Clients Fidèles
17965,United Kingdom,False,58,14,2622.57,3,5,5,13,Clients Fidèles
17966,United Kingdom,False,58,5,1098.43,3,4,4,11,Clients Fidèles
17967,United Kingdom,False,392,1,123.07,1,2,1,4,Clients Perdus
17968,United Kingdom,False,394,1,277.35,1,2,2,5,Clients Perdus
17969,United Kingdom,False,187,2,228.2,2,3,1,6,Clients à Risque
17970,United Kingdom,False,232,1,582.59,1,2,3,6,Clients Perdus
17972,United Kingdom,False,262,1,136.04,1,2,1,4,Clients Perdus
17973,United Kingdom,False,72,1,337.04,3,2,2,7,Clients Moyens
17974,United Kingdom,False,45,3,740.79,4,4,3,11,Clients Fidèles
17975,United Kingdom,False,36,13,4488.81,4,5,5,14,Champions
17976,United Kingdom,False,393,1,353.19,1,2,2,5,Clients Perdus
17977,United Kingdom,False,50,1,288.14,4,2,2,8,Nouveaux Clients
17978,United Kingdom,False,386,1,300.92,1,2,2,5,Clients Perdus
17979,United Kingdom,False,56,4,757.71,3,4,3,10,Clients Fidèles
17980,United Kingdom,False,186,3,811.45,2,4,3,9,Clients à Risque
17984,United Kingdom,False,166,1,152.68,2,2,1,5,Clients Moyens
17985,United Kingdom,False,43,1,634.95,4,2,3,9,Nouveaux Clients
17986,United Kingdom,False,77,1,20.8,3,2,1,6,Clients Moyens
17987,United Kingdom,False,206,1,198.57,1,2,1,4,Clients Perdus
17988,United Kingdom,False,32,7,201.12,5,5,1,11,Clients Fidèles
17990,United Kingdom,False,257,3,630.84,1,4,3,8,Clients à Risque
17991,United Kingdom,False,246,2,93.35,1,3,1,5,Clients à Risque
17994,United Kingdom,False,142,4,678.49,2,4,3,9,Clients à Risque
17995,United Kingdom,True,302,1,76.1,1,2,1,4,Clients Perdus
17997,United Kingdom,False,95,8,1970.67,2,5,4,11,Clients à Risque
17999,United Kingdom,False,58,2,382.06,3,3,2,8,Clients Fidèles
18001,United Kingdom,False,33,2,417.23,5,3,2,10,Clients Fidèles
18004,United Kingdom,False,383,1,169.47,1,2,1,4,Clients Perdus
18005,United Kingdom,False,24,2,249.72,5,3,1,9,Clients Fidèles
18006,United Kingdom,False,44,1,444.68,4,2,2,8,Nouveaux Clients
18008,United Kingdom,False,91,9,2116.19,3,5,5,13,Clients Fidèles
18009,United Kingdom,False,256,1,257.34,1,2,2,5,Clients Perdus
18010,United Kingdom,False,277,1,174.8,1,2,1,4,Clients Perdus
18011,United Kingdom,False,394,1,102.79,1,2,1,4,Clients Perdus
18013,United Kingdom,False,176,2,187.29,2,3,1,6,Clients à Risque
18014,United Kingdom,False,49,1,166.42,4,2,1,7,Nouveaux Clients
18015,United Kingdom,False,25,1,120.03,5,2,1,8,Nouveaux Clients
18016,United Kingdom,False,53,5,1483.56,4,4,4,12,Champions
18017,United Kingdom,True,102,3,523.0,2,4,3,9,Clients à Risque
18018,United Kingdom,False,129,2,122.14,2,3,1,6,Clients à Risque
18019,United Kingdom,False,72,1,38.45,3,2,1,6,Clients Moyens
18022,United Kingdom,False,56,1,668.11,3,2,3,8,Clients Moyens
18024,United Kingdom,False,173,2,389.78,2,3,2,7,Clients à Risque
18027,United Kingdom,False,119,1,115.31,2,2,1,5,Clients Moyens
18030,United Kingdom,False,25,2,230.65,5,3,1,9,Clients Fidèles
18032,United Kingdom,False,355,1,73.5,1,2,1,4,Clients Perdus
18033,United Kingdom,False,86,1,97.97,3,2,1,6,Clients Moyens
18034,United Kingdom,False,42,2,422.88,4,3,2,9,Clients Fidèles
18035,United Kingdom,False,56,3,730.4,3,4,3,10,Clients Fidèles
18036,United Kingdom,False,53,3,405.62,4,4,2,10,Clients Fidèles
18037,United Kingdom,False,175,6,70.02,2,5,1,8,Clients à Risque
18040,United Kingdom,False,40,2,357.20000000000005,4,3,2,9,Clients Fidèles
18041,United Kingdom,False,32,21,4183.39,5,5,5,15,Champions
18042,United Kingdom,False,74,1,165.04999999999998,3,2,1,6,Clients Moyens
18043,United Kingdom,False,45,3,559.51,4,4,3,11,Clients Fidèles
18044,United Kingdom,False,25,10,2088.6,5,5,5,15,Champions
18045,United Kingdom,False,66,1,189.4,3,2,1,6,Clients Moyens
18048,United Kingdom,False,224,2,172.29000000000002,1,3,1,5,Clients à Risque
18050,United Kingdom,False,380,1,74.4,1,2,1,4,Clients Perdus
18053,United Kingdom,False,91,1,300.02,3,2,2,7,Clients Moyens
18055,United Kingdom,False,28,10,6784.1900000000005,5,5,5,15,Champions
18056,United Kingdom,False,309,1,363.65,1,2,2,5,Clients Perdus
18058,United Kingdom,False,30,1,170.16,5,2,1,8,Nouveaux Clients
18059,United Kingdom,False,44,3,306.46,4,4,2,10,Clients Fidèles
18061,United Kingdom,False,42,10,2119.41,4,5,5,14,Champions
18062,United Kingdom,False,194,3,720.52,2,4,3,9,Clients à Risque
18064,United Kingdom,True,154,2,814.0,2,3,3,8,Clients à Risque
18065,United Kingdom,False,26,14,2392.83,5,5,5,15,Champions
18066,United Kingdom,False,96,1,318.0,2,2,2,6,Clients Moyens
18067,United Kingdom,False,61,1,396.33,3,2,2,7,Clients Moyens
18068,United Kingdom,False,310,1,101.7,1,2,1,4,Clients Perdus
18069,United Kingdom,False,47,5,2036.67,4,4,4,12,Champions
18071,United Kingdom,False,278,2,453.0,1,3,2,6,Clients à Risque
18072,United Kingdom,False,206,1,247.44,1,2,1,4,Clients Perdus
18073,United Kingdom,False,135,12,3877.52,2,5,5,12,Clients à Risque
18074,United Kingdom,False,394,1,489.6,1,2,2,5,Clients Perdus
18075,United Kingdom,False,44,10,2611.75,4,5,5,14,Champions
18077,United Kingdom,False,29,11,2633.01,5,5,5,15,Champions
18078,United Kingdom,False,238,2,336.13,1,3,2,6,Clients à Risque
18079,United Kingdom,False,66,4,3651.97,3,4,5,12,Clients Fidèles
18080,United Kingdom,True,39,2,1231.5,4,3,4,11,Clients Fidèles
18081,United Kingdom,False,57,3,343.45,3,4,2,9,Clients Fidèles
18082,United Kingdom,False,46,1,703.37,4,2,3,9,Nouveaux Clients
18084,United Kingdom,True,37,1,90.48,4,2,1,7,Nouveaux Clients
18085,United Kingdom,False,351,2,689.95,1,3,3,7,Clients à Risque
18086,United Kingdom,False,295,1,101.34,1,2,1,4,Clients Perdus
18087,United Kingdom,True,119,2,4055.72,2,3,5,10,Clients à Risque
18088,United Kingdom,False,82,1,167.67000000000002,3,2,1,6,Clients Moyens
18092,United Kingdom,False,23,11,9068.26,5,5,5,15,Champions
18093,United Kingdom,False,114,4,2106.52,2,4,5,11,Clients à Risque
18094,United Kingdom,False,102,7,3017.3,2,5,5,12,Clients à Risque
18095,United Kingdom,False,333,2,580.05,1,3,3,7,Clients à Risque
18096,United Kingdom,False,32,3,911.15,5,4,3,12,Clients Fidèles
18097,United Kingdom,False,28,6,2697.8,5,5,5,15,Champions
18099,United Kingdom,False,148,1,168.31,2,2,1,5,Clients Moyens
18101,United Kingdom,False,32,2,223.65,5,3,1,9,Clients Fidèles
18102,United Kingdom,True,21,60,259657.3,5,5,5,15,Champions
18104,United Kingdom,False,58,1,754.64,3,2,3,8,Clients Moyens
18105,United Kingdom,False,58,1,113.48000000000002,3,2,1,6,Clients Moyens
18106,United Kingdom,False,350,1,430.7,1,2,2,5,Clients Perdus
18108,United Kingdom,False,275,1,271.0,1,2,2,5,Clients Perdus
18109,United Kingdom,False,22,26,8052.97,5,5,5,15,Champions
18110,United Kingdom,False,40,1,236.3,4,2,1,7,Nouveaux Clients
18112,United Kingdom,False,33,2,352.69,5,3,2,10,Clients Fidèles
18113,United Kingdom,True,389,1,76.32000000000001,1,2,1,4,Clients Perdus
18114,United Kingdom,False,311,1,220.1,1,2,1,4,Clients Perdus
18116,United Kingdom,False,88,8,1418.03,3,5,4,12,Clients Fidèles
18117,United Kingdom,False,46,1,320.72,4,2,2,8,Nouveaux Clients
18118,United Kingdom,False,31,26,5653.82,5,5,5,15,Champions
18119,United Kingdom,False,388,1,181.12,1,2,1,4,Clients Perdus
18120,United Kingdom,False,235,1,111.15,1,2,1,4,Clients Perdus
18121,United Kingdom,False,170,2,673.1,2,3,3,8,Clients à Risque
18122,United Kingdom,False,29,6,1826.21,5,5,4,14,Champions
18123,United Kingdom,False,45,2,589.4399999999999,4,3,3,10,Clients Fidèles
18125,United Kingdom,False,50,4,1142.99,4,4,4,12,Champions
18126,United Kingdom,False,81,1,206.83,3,2,1,6,Clients Moyens
18127,United Kingdom,False,40,3,348.73,4,4,2,10,Clients Fidèles
18129,United Kingdom,False,264,1,112.55,1,2,1,4,Clients Perdus
18130,United Kingdom,False,36,3,1059.39,4,4,4,12,Champions
18133,United Kingdom,True,233,1,931.5,1,2,3,6,Clients Perdus
18135,United Kingdom,False,50,5,681.91,4,4,3,11,Clients Fidèles
18136,United Kingdom,False,84,3,784.33,3,4,3,10,Clients Fidèles
18138,United Kingdom,False,316,1,152.65,1,2,1,4,Clients Perdus
18139,United Kingdom,False,38,6,8438.34,4,5,5,14,Champions
18142,United Kingdom,False,178,2,1019.52,2,3,4,9,Clients à Risque
18143,United Kingdom,False,137,2,1000.16,2,3,4,9,Clients à Risque
18144,United Kingdom,False,28,12,2888.75,5,5,5,15,Champions
18145,United Kingdom,False,33,4,2861.55,5,4,5,14,Champions
18146,United Kingdom,False,161,2,160.35,2,3,1,6,Clients à Risque
18147,United Kingdom,False,66,2,179.34,3,3,1,7,Clients Fidèles
18149,United Kingdom,False,71,3,612.0799999999999,3,4,3,10,Clients Fidèles
18150,United Kingdom,False,53,3,566.58,4,4,3,11,Clients Fidèles
18151,United Kingdom,False,155,2,653.35,2,3,3,8,Clients à Risque
18154,United Kingdom,False,24,2,399.19,5,3,2,10,Clients Fidèles
18155,United Kingdom,False,96,3,371.62,2,4,2,8,Clients à Risque
18156,United Kingdom,False,33,2,734.94,5,3,3,11,Clients Fidèles
18158,United Kingdom,False,30,2,453.4,5,3,2,10,Clients Fidèles
18159,United Kingdom,False,322,1,530.15,1,2,3,6,Clients Perdus
18160,United Kingdom,False,78,2,638.0600000000001,3,3,3,9,Clients Fidèles
18161,United Kingdom,False,36,5,1618.69,4,4,4,12,Champions
18164,United Kingdom,False,58,1,399.65,3,2,2,7,Clients Moyens
18165,United Kingdom,False,198,1,302.46,2,2,2,6,Clients Moyens
18167,United Kingdom,False,44,3,1384.86,4,4,4,12,Champions
18168,United Kingdom,False,197,6,1169.94,2,5,4,11,Clients à Risque
18169,United Kingdom,False,81,1,202.65,3,2,1,6,Clients Moyens
18170,United Kingdom,False,54,3,980.31,3,4,4,11,Clients Fidèles
18171,United Kingdom,False,79,5,1231.31,3,4,4,11,Clients Fidèles
18172,United Kingdom,False,35,20,7561.68,4,5,5,14,Champions
18173,United Kingdom,False,107,4,2106.84,2,4,5,11,Clients à Risque
18174,United Kingdom,True,28,1,104.0,5,2,1,8,Nouveaux Clients
18176,United Kingdom,False,379,1,476.35,1,2,2,5,Clients Perdus
18177,United Kingdom,False,52,6,1341.42,4,5,4,13,Champions
18178,United Kingdom,False,149,4,1590.81,2,4,4,10,Clients à Risque
18179,United Kingdom,False,30,6,1793.17,5,5,4,14,Champions
18180,United Kingdom,False,25,6,1843.75,5,5,4,14,Champions
18181,United Kingdom,False,45,1,382.8,4,2,2,8,Nouveaux Clients
18183,United Kingdom,False,248,2,632.07,1,3,3,7,Clients à Risque
18184,United Kingdom,True,36,1,49.8,4,2,1,7,Nouveaux Clients
18185,United Kingdom,False,270,1,304.25,1,2,2,5,Clients Perdus
18188,United Kingdom,False,36,3,2001.04,4,4,4,12,Champions
18189,United Kingdom,False,98,2,1090.24,2,3,4,9,Clients à Risque
18190,United Kingdom,False,213,2,284.46000000000004,1,3,2,6,Clients à Risque
18191,United Kingdom,False,282,1,207.8,1,2,1,4,Clients Perdus
18192,United Kingdom,False,92,1,957.97,3,2,4,9,Clients Moyens
18193,United Kingdom,False,186,1,243.76,2,2,1,5,Clients Moyens
18194,United Kingdom,True,103,1,973.84,2,2,4,8,Clients Moyens
18196,United Kingdom,False,116,2,689.13,2,3,3,8,Clients à Risque
18198,United Kingdom,False,25,17,5425.56,5,5,5,15,Champions
18200,United Kingdom,False,127,1,163.8,2,2,1,5,Clients Moyens
18202,United Kingdom,False,220,3,1396.99,1,4,4,9,Clients à Risque
18203,United Kingdom,False,178,1,160.42000000000002,2,2,1,5,Clients Moyens
18204,United Kingdom,False,92,3,1993.7,3,4,4,11,Clients Fidèles
18205,United Kingdom,False,57,2,517.36,3,3,3,9,Clients Fidèles
18209,United Kingdom,False,49,1,139.10000000000002,4,2,1,7,Nouveaux Clients
18210,United Kingdom,False,22,6,2621.38,5,5,5,15,Champions
18211,United Kingdom,False,46,5,600.07,4,4,3,11,Clients Fidèles
18212,United Kingdom,False,347,1,248.42,1,2,1,4,Clients Perdus
18213,United Kingdom,False,257,1,232.48,1,2,1,4,Clients Perdus
18215,United Kingdom,False,110,1,299.34000000000003,2,2,2,6,Clients Moyens
18216,United Kingdom,False,52,1,481.75,4,2,2,8,Nouveaux Clients
18217,United Kingdom,False,50,2,621.75,4,3,3,10,Clients Fidèles
18218,United Kingdom,False,232,2,662.08,1,3,3,7,Clients à Risque
18219,United Kingdom,False,23,10,2069.77,5,5,5,15,Champions
18220,United Kingdom,True,247,1,305.28,1,2,2,5,Clients Perdus
18221,United Kingdom,False,43,5,1041.61,4,4,4,12,Champions
18222,United Kingdom,False,113,1,443.0,2,2,2,6,Clients Moyens
18223,United Kingdom,False,25,14,6484.54,5,5,5,15,Champions
18224,United Kingdom,False,284,1,158.95000000000002,1,2,1,4,Clients Perdus
18225,United Kingdom,False,24,12,5509.12,5,5,5,15,Champions
18226,United Kingdom,False,65,11,5228.05,3,5,5,13,Clients Fidèles
18227,United Kingdom,False,238,1,93.75,1,2,1,4,Clients Perdus
18228,United Kingdom,False,77,2,779.9,3,3,3,9,Clients Fidèles
18229,United Kingdom,False,32,20,7276.9,5,5,5,15,Champions
18230,United Kingdom,False,30,7,2810.2000000000003,5,5,5,15,Champions
18231,United Kingdom,False,213,5,2083.27,1,4,5,10,Clients à Risque
18232,United Kingdom,False,102,4,592.97,2,4,3,9,Clients à Risque
18233,United Kingdom,False,346,1,440.0,1,2,2,5,Clients Perdus
18235,United Kingdom,False,92,3,1796.48,3,4,4,11,Clients Fidèles
18236,United Kingdom,False,50,6,882.24,4,5,3,12,Clients Fidèles
18237,United Kingdom,False,23,5,987.1,5,4,4,13,Champions
18239,United Kingdom,False,239,5,1561.61,1,4,4,9,Clients à Risque
18240,United Kingdom,False,67,1,422.58,3,2,2,7,Clients Moyens
18241,United Kingdom,False,30,17,2073.09,5,5,5,15,Champions
18242,United Kingdom,False,93,4,2232.49,2,4,5,11,Clients à Risque
18245,United Kingdom,False,28,7,2567.06,5,5,5,15,Champions
18246,United Kingdom,False,44,2,596.1,4,3,3,10,Clients Fidèles
18248,United Kingdom,False,143,2,804.02,2,3,3,8,Clients à Risque
18249,United Kingdom,False,38,1,95.34,4,2,1,7,Nouveaux Clients
18250,United Kingdom,False,331,1,349.27,1,2,2,5,Clients Perdus
18251,United Kingdom,True,108,1,4314.72,2,2,5,9,Clients Moyens
18252,United Kingdom,False,71,2,526.67,3,3,3,9,Clients Fidèles
18255,United Kingdom,False,110,1,103.3,2,2,1,5,Clients Moyens
18257,United Kingdom,False,60,8,2337.63,3,5,5,13,Clients Fidèles
18259,United Kingdom,False,45,3,2338.6,4,4,5,13,Champions
18260,United Kingdom,False,193,6,2643.2000000000003,2,5,5,12,Clients à Risque
18261,United Kingdom,False,64,2,324.24,3,3,2,8,Clients Fidèles
18262,United Kingdom,False,161,1,149.48,2,2,1,5,Clients Moyens
18263,United Kingdom,False,46,3,1213.16,4,4,4,12,Champions
18265,United Kingdom,False,93,2,801.51,2,3,3,8,Clients à Risque
18268,United Kingdom,False,155,1,25.5,2,2,1,5,Clients Moyens
18269,United Kingdom,False,387,1,168.60000000000002,1,2,1,4,Clients Perdus
18270,United Kingdom,False,59,2,283.15000000000003,3,3,2,8,Clients Fidèles
18272,United Kingdom,False,23,6,3078.58,5,5,5,15,Champions
18273,United Kingdom,False,23,3,204.0,5,4,1,10,Clients Fidèles
18274,United Kingdom,False,51,1,175.92,4,2,1,7,Nouveaux Clients
18276,United Kingdom,False,64,1,335.86,3,2,2,7,Clients Moyens
18277,United Kingdom,False,79,1,110.38,3,2,1,6,Clients Moyens
18278,United Kingdom,False,94,1,173.9,2,2,1,5,Clients Moyens
18280,United Kingdom,False,298,1,180.6,1,2,1,4,Clients Perdus
18281,United Kingdom,False,201,1,80.82,1,2,1,4,Clients Perdus
18282,United Kingdom,False,28,2,178.05,5,3,1,9,Clients Fidèles
18283,United Kingdom,False,24,16,2094.88,5,5,5,15,Champions
18287,United Kingdom,False,63,3,1837.28,3,4,4,11,Clients Fidèles
